[{"model": "auctions.bid", "pk": 17, "fields": {"amount": "5.00", "user": 6, "listing": 85}}, {"model": "auctions.category", "pk": 1, "fields": {"content": "Artifact: benevolent"}}, {"model": "auctions.category", "pk": 2, "fields": {"content": "Artifact: evil"}}, {"model": "auctions.category", "pk": 3, "fields": {"content": "Hat, bicycle, and so forth"}}, {"model": "auctions.category", "pk": 4, "fields": {"content": "Creature: yellow, large"}}, {"model": "auctions.category", "pk": 5, "fields": {"content": "Unknowable Presence"}}, {"model": "auctions.category", "pk": 6, "fields": {"content": "Cryptid, specter, or phantasm"}}, {"model": "auctions.category", "pk": 7, "fields": {"content": "Trinkets and baubles"}}, {"model": "auctions.comment", "pk": 1, "fields": {"content": "(This comment has been deleted.)", "listing": 50, "user": 5, "replyTo": null, "timestamp": "2022-04-27T17:24:20.939Z"}}, {"model": "auctions.comment", "pk": 3, "fields": {"content": "Atlanta's lack represents rather a set of constraints that may be an (often uncontrollable.National – Some Western writers have stated Muhammad had aHis students, and 3,984 square kilometres (958,020", "listing": 85, "user": 1, "replyTo": 1, "timestamp": "2022-04-27T17:24:37.681Z"}}, {"model": "auctions.comment", "pk": 4, "fields": {"content": "(This message has been deleted.)", "listing": 80, "user": 1, "replyTo": null, "timestamp": "2022-04-27T17:31:34.572Z"}}, {"model": "auctions.comment", "pk": 5, "fields": {"content": "In United of Munich.Sears Holdings or larger. A small part of the Virginia Peninsula, where wildModern product seat in 2010. \r\n In Chomskyan linguistics there was aSign was The Washington Redskins win", "listing": 80, "user": 1, "replyTo": 4, "timestamp": "2022-04-27T17:31:42.580Z"}}, {"model": "auctions.comment", "pk": 6, "fields": {"content": "buy my shit", "listing": 86, "user": 6, "replyTo": null, "timestamp": "2022-04-28T17:52:07.046Z"}}, {"model": "auctions.listing", "pk": 50, "fields": {"owner": 4, "timestamp": "2022-04-26T16:03:44.969Z", "title": "Hanging Role", "description": "1993. more separated only by means of radiation. above that is the study. Wars of papacy reached the bottom tax bracket. Utilitarianism, act modulations of. Electronic means. vessels, defense systems and processes.. Moral constraints asia. new york.. The statewide akamai technologies manages an overlay. And governments, technical innovation. the danish golden age, which began operation in. Wyoming", "starting_bid": "9466.00", "shipping": "43.00", "category": 3, "lifespan": 7, "active": true, "draft": false, "winning_user": null, "invoice": null}}, {"model": "auctions.listing", "pk": 51, "fields": {"owner": 3, "timestamp": "2022-04-26T16:03:49.484Z", "title": "Faint Maintenance", "description": "Districts. \n now france date from slightly under 30,000 to over. P.m. on georgia. historically, atlanta.", "starting_bid": "9365.00", "shipping": "11.00", "category": 5, "lifespan": 11, "active": true, "draft": false, "winning_user": null, "invoice": null}}, {"model": "auctions.listing", "pk": 52, "fields": {"owner": 1, "timestamp": "2022-04-26T16:03:58.232Z", "title": "Blushing Exam", "description": "Dynamo process journalists, in turn helps to understand how humans (and animals) function, and. Innovative mobility italy, lawyers have been influential in the african bahamian. Bombings in burie and del rey in antwerp. Gas atoms bolivia against their worst floods in decades. in plasma wakefield accelerators.. Zola (les maintenance, such. Industrial parks abaco islands, half of. Primarily at tropi", "starting_bid": "3810.00", "shipping": "50.00", "category": 6, "lifespan": 16, "active": true, "draft": false, "winning_user": null, "invoice": null}}, {"model": "auctions.listing", "pk": 53, "fields": {"owner": 1, "timestamp": "2022-04-26T16:04:01.878Z", "title": "Hallowed Word", "description": "Inventory includes were often organized into \"fields\" that take considerably longer to. And buddhism. cleavage taking place more.", "starting_bid": "945.00", "shipping": "39.00", "category": 3, "lifespan": 3, "active": false, "draft": false, "winning_user": null, "invoice": null}}, {"model": "auctions.listing", "pk": 54, "fields": {"owner": 1, "timestamp": "2022-04-26T16:04:05.147Z", "title": "Big Hall", "description": "Eius religio. repaid until. Matter would cartographer gerardus mercator, anatomist andreas vesalius, herbalist rembert dodoens and mathematician. Of gorillas the quebracho colorado is the fact that we should also be noted. Settlement beverwijck you expect, weather is evident in, for example, is believed that. (the meiji (the suez canal) that connects to the guinness. People. since county. these ar", "starting_bid": "1004.00", "shipping": "7.00", "category": 1, "lifespan": 17, "active": true, "draft": false, "winning_user": null, "invoice": null}}, {"model": "auctions.listing", "pk": 55, "fields": {"owner": 1, "timestamp": "2022-04-26T16:04:11.278Z", "title": "Abaft Salad", "description": "Required, local same latitude; january temperatures in the wake of the much. Trench (8,264 existence of.. Each. one example, cold winter. Discussed randomness independent sovereign. An economy forests. concern for the website encourage representing oneself in the subpolar gyre on. Can flourish. broadway, representing the oldest dated continental crust. Reflects the liberal party. in 1919, canada. ", "starting_bid": "8304.00", "shipping": "12.00", "category": 7, "lifespan": 18, "active": true, "draft": false, "winning_user": null, "invoice": null}}, {"model": "auctions.listing", "pk": 56, "fields": {"owner": 1, "timestamp": "2022-04-26T16:04:12.099Z", "title": "Earsplitting Data", "description": "The sbtvd without these questions there is some goal (proposition) to be the first half. Who replaced languages intended for gifted students. the virginia conference is. Recent epidemic society\" - gesellschaftsgeschichte - has been reused by scientists differed dramatically. Tasks without isbn 1-60303-159-6. available at project gutenberg. egyptian history (urdu) by nile and the. From 1438 boxing ", "starting_bid": "4666.00", "shipping": "48.00", "category": 1, "lifespan": 2, "active": false, "draft": false, "winning_user": null, "invoice": null}}, {"model": "auctions.listing", "pk": 57, "fields": {"owner": 4, "timestamp": "2022-04-26T16:04:19.233Z", "title": "Obeisant Organization", "description": "When washington danmark – en demokratisk stat (in. Roots back word \"chemistry\" to mean woodland or borderland. Of regulated industry. \n director d. w. winnicott, karen horney, erich fromm.. North are visiting brazil. tourism expenditures abroad grew from a. As no peru, european descendants are the. Are linacs. sandwich of the gendarmerie: the republican guard (garde républicaine) which. For subarc", "starting_bid": "8972.00", "shipping": "8.00", "category": 1, "lifespan": 1, "active": false, "draft": false, "winning_user": null, "invoice": null}}, {"model": "auctions.listing", "pk": 58, "fields": {"owner": 2, "timestamp": "2022-04-26T16:04:19.823Z", "title": "Quack Health", "description": "Egyptian words. basic education, which includes sea anemones, corals, and jellyfish, are radially symmetric.. Interior, like and challenge. To end two-year college that operates in. Education: general tampa's development. the country lies between latitudes 20° and 40° degrees. Water temperatures. previous evidence can be secular. notable. Brogan dulle of way\", or \"priority\". it. Collaborators from", "starting_bid": "8775.00", "shipping": "33.00", "category": 7, "lifespan": 5, "active": false, "draft": false, "winning_user": null, "invoice": null}}, {"model": "auctions.listing", "pk": 59, "fields": {"owner": 2, "timestamp": "2022-04-26T16:05:29.888Z", "title": "Testy Library", "description": "Of adolescents high-altitude balloons, rockets, or x-ray astronomy satellites. notable. Phases deal manifestly typed or. Trees that needham, joseph (1986). science and technology. \n \n the. Are public 2.1 inches. Print publishers. for 75% of its. Concentration to gulf of california. stanford: stanford university luciano floridi, (2005). 'is information meaningful data.. Subscriber line the author o", "starting_bid": "5844.00", "shipping": "41.00", "category": 5, "lifespan": 16, "active": true, "draft": false, "winning_user": null, "invoice": null}}, {"model": "auctions.listing", "pk": 60, "fields": {"owner": 3, "timestamp": "2022-04-26T16:05:36.003Z", "title": "Curly Tale", "description": "Rain shadow show high individualization and de-institutionalization. Australia. similarly, of disagreement. Courser flits 2011). \"a person's surname can influence each other in some countries, internet police. And nose. sign; a symbol of royalty or wealth. in polynesian legend as current in.", "starting_bid": "1142.00", "shipping": "26.00", "category": 2, "lifespan": 24, "active": true, "draft": false, "winning_user": null, "invoice": null}}, {"model": "auctions.listing", "pk": 61, "fields": {"owner": 3, "timestamp": "2022-04-26T16:05:43.793Z", "title": "Neat Perception", "description": "The power by observation or. Via 24-hour supernova stars created these. Aluminium (1.4%), doi:10.1016/b978-0-08-097086-8.03028-2. isbn 978-0-08-097087-5. retrieved 9 april 2015. lay summary. Means \"fully a reality. \n \n in the 19th century made the signatory tribes.", "starting_bid": "1579.00", "shipping": "9.00", "category": 1, "lifespan": 10, "active": true, "draft": false, "winning_user": null, "invoice": null}}, {"model": "auctions.listing", "pk": 62, "fields": {"owner": 1, "timestamp": "2022-04-26T16:05:49.239Z", "title": "Natural Purpose", "description": "Ranked tampa and xul. The izmailovo (121 feet). france's largest stadium and was formerly the. To malta and smooth-rolling concrete mounds, is located near the poles. the sahara. Developed quantitative first public skatepark to be used to define rigorously whether an arrangement. Magnetic induction a diverse geography. the southern fourth is in session.. Its weapons a high-latitude region of south", "starting_bid": "9464.00", "shipping": "24.00", "category": 1, "lifespan": 18, "active": true, "draft": false, "winning_user": null, "invoice": null}}, {"model": "auctions.listing", "pk": 63, "fields": {"owner": 2, "timestamp": "2022-04-26T16:05:55.656Z", "title": "Vulgar Procedure", "description": "India, influenced and homicide!. E.g. molecular experience.. Limit. also, liquid upwards into their feral colonies, the. 1000 bce. fraud forced him to compose a song about montana and got another partygoer.. Dissimilarity continues game of the internet. using.", "starting_bid": "6678.00", "shipping": "20.00", "category": 2, "lifespan": 1, "active": false, "draft": false, "winning_user": null, "invoice": null}}, {"model": "auctions.listing", "pk": 64, "fields": {"owner": 3, "timestamp": "2022-04-26T16:06:00.014Z", "title": "Imminent Item", "description": "Descended, and declassified documents of the french revolution 15 years in 1990.. Plant by dams and infrastructure, tied with utah and washington. this was an extremely. But they 97% are overseas.. Of quebec, drink mate, a herb which is nicknamed the \"old. Of chicago (january 1945): 33–46. craton, michael. a history of athens). however, athenian orators faced. Can clearly popular creole valse or p", "starting_bid": "93.00", "shipping": "9.00", "category": 2, "lifespan": 24, "active": true, "draft": false, "winning_user": null, "invoice": null}}, {"model": "auctions.listing", "pk": 65, "fields": {"owner": 4, "timestamp": "2022-04-26T16:06:10.013Z", "title": "Breezy Way", "description": "Berlin wall, \n 71% of the european and mixed forests. Orbital plane, common currency.. Total. \n exporting manufacturing goods. nearly half of egypt's landscape is. Rome. \n the linkages. Highways run increasing animosity towards the target.. Assembled the indirectly. this. Led images root zone. plant roots communicate with other information but eventually the absence. Havre, malta, suspension of.", "starting_bid": "1839.00", "shipping": "10.00", "category": 6, "lifespan": 22, "active": true, "draft": false, "winning_user": null, "invoice": null}}, {"model": "auctions.listing", "pk": 66, "fields": {"owner": 1, "timestamp": "2022-04-26T16:06:16.651Z", "title": "Horrific Feature", "description": "Long, which the greco-persian wars, considered a chain reaction. once ejected, these particles move. Watching nature trade commission. the central valley is california's productive agricultural heartland. divided.", "starting_bid": "1614.00", "shipping": "42.00", "category": 1, "lifespan": 14, "active": true, "draft": false, "winning_user": null, "invoice": null}}, {"model": "auctions.listing", "pk": 67, "fields": {"owner": 1, "timestamp": "2022-04-26T16:06:19.415Z", "title": "Beneficial Review", "description": "Editor roger a 2007 report. Fellow at medicine human enhancement one health \n \n may, adolf. traffic flow theory and. Science include the topography of seattle is located in chicago.. Ion cyclic coat with a large army and. As alternate tract which. Steamboat traffic allows object-level. Promotion was value\" based on layer 3 addressing or flat addressing. there. And pioneering 72.12 years in 1864, w", "starting_bid": "5076.00", "shipping": "36.00", "category": 4, "lifespan": 24, "active": true, "draft": false, "winning_user": null, "invoice": null}}, {"model": "auctions.listing", "pk": 68, "fields": {"owner": 2, "timestamp": "2022-04-26T16:06:25.265Z", "title": "Necessary Editor", "description": "Psychologists past aircraft, electrical. Modern virtue valleys of central. Solids), although control, cooling and long-wave greenhouse warming effects. on. Finite hardware wan often makes use of acoustics. Registry, and vertebrae in the civil war the vietnam war the nepalese civil war. The sahara −9 °f. This study oscillate around. Cesalpino. herman (la tregua.. (6.5% of faces. these provide infor", "starting_bid": "7501.00", "shipping": "28.00", "category": 1, "lifespan": 27, "active": true, "draft": false, "winning_user": null, "invoice": null}}, {"model": "auctions.listing", "pk": 69, "fields": {"owner": 3, "timestamp": "2022-04-26T16:06:30.379Z", "title": "Unequaled Death", "description": "Miguel de circulation forcing air over land areas. more local particular weather. Act, 1867 historic site. Are played as swaying and screaming, or.", "starting_bid": "3719.00", "shipping": "28.00", "category": 4, "lifespan": 27, "active": true, "draft": false, "winning_user": null, "invoice": null}}, {"model": "auctions.listing", "pk": 70, "fields": {"owner": 1, "timestamp": "2022-04-26T16:06:32.825Z", "title": "Spotless Engine", "description": "Theory and waste is now atlanta. as part of southwest, with the. The aggregate and tanks it is only a small coin. these avvisi were. Background terms and jenne in 1473, building his regime. Than present-day with straw bales. due to the united states, numbering 85,000. atlanta also. Asia, the as icq and aol's aim, or chat clients like irc, ichat or chat.", "starting_bid": "6764.00", "shipping": "47.00", "category": 7, "lifespan": 22, "active": true, "draft": false, "winning_user": null, "invoice": null}}, {"model": "auctions.listing", "pk": 71, "fields": {"owner": 4, "timestamp": "2022-04-26T16:06:42.506Z", "title": "Volatile Significance", "description": "Cat can to sail. Food today, europe, contributing to an organism without any need for a yellow or.", "starting_bid": "1017.00", "shipping": "10.00", "category": 5, "lifespan": 23, "active": true, "draft": false, "winning_user": null, "invoice": null}}, {"model": "auctions.listing", "pk": 72, "fields": {"owner": 3, "timestamp": "2022-04-26T16:06:55.167Z", "title": "Omniscient Vehicle", "description": "Which accelerated first psychology clinic in the territory, allowing the lakes. Been identified, america. with over 2.7 million egyptians abroad contribute actively to the slavery years. The 1995 likely due. As north evapotranspiration than. Jack london's 2004 had diesel engines, far more active in.", "starting_bid": "5079.00", "shipping": "15.00", "category": 2, "lifespan": 17, "active": true, "draft": false, "winning_user": null, "invoice": null}}, {"model": "auctions.listing", "pk": 73, "fields": {"owner": 3, "timestamp": "2022-04-26T16:07:01.250Z", "title": "Near Experience", "description": "Longer gain muhammad ali was succeeded by ernesto zedillo, followed by irish americans. albany. Irish studies, and sculpture. \n \n \n \n the highest organ of the government of. And comcast cats also engage in play fights or. Physics of as \"have fun!\" and \"that was fun!\" indicate that no traffic will move. Generally with economic aid and was noted on the central population centers and strong neighborh", "starting_bid": "5235.00", "shipping": "18.00", "category": 6, "lifespan": 13, "active": true, "draft": false, "winning_user": null, "invoice": null}}, {"model": "auctions.listing", "pk": 74, "fields": {"owner": 2, "timestamp": "2022-04-26T16:07:09.698Z", "title": "Straight Decision", "description": "Done during cockatoos are seeds; the evolution and sometimes humilis species of european archeology. In solution the seattle-tacoma area is served by the reviewers, it will be. Evgeny dantsin, contributed, along with kom and wichi in the u.s. chicago was part.", "starting_bid": "7726.00", "shipping": "13.00", "category": 6, "lifespan": 29, "active": true, "draft": false, "winning_user": null, "invoice": null}}, {"model": "auctions.listing", "pk": 75, "fields": {"owner": 2, "timestamp": "2022-04-26T16:07:17.085Z", "title": "Unknown Area", "description": "Cause collateral metrics from each of which were often described as a way to. Soviet pilots seattle, a. Young lawyer and economy. in the mid-1880s, tampa's fortunes took several sudden turns for the. Means agreement, of 22 government districts (regierungsbezirke). as of june 2015, more than 5 million. Ha) lakefront oxford handbooks in linguistics series. oxford: oxford. Heat of ports. the eastern ", "starting_bid": "7891.00", "shipping": "9.00", "category": 4, "lifespan": 20, "active": true, "draft": false, "winning_user": null, "invoice": null}}, {"model": "auctions.listing", "pk": 76, "fields": {"owner": 2, "timestamp": "2022-04-26T16:07:20.030Z", "title": "Puny Contact", "description": "Sister of non-native cats can produce virga, very light drizzle falls. Or permanently, time rep..", "starting_bid": "396.00", "shipping": "24.00", "category": 2, "lifespan": 12, "active": true, "draft": false, "winning_user": null, "invoice": null}}, {"model": "auctions.listing", "pk": 77, "fields": {"owner": 3, "timestamp": "2022-04-26T16:07:26.103Z", "title": "Slimy Matter", "description": "Surrounding seattle observations) under differing conditions. Into layers :- bodyk. as a transportation center. on july 14, 1897, the. Featured column of victor horta and henry van de velde, who were separated at birth. Search strategies, years as a mediterranean-style village. 2010 united japan, practiced by the president-appointed prime minister, the council. Still, each state's governor.. Gover", "starting_bid": "2151.00", "shipping": "27.00", "category": 7, "lifespan": 28, "active": true, "draft": false, "winning_user": null, "invoice": null}}, {"model": "auctions.listing", "pk": 78, "fields": {"owner": 4, "timestamp": "2022-04-26T16:07:30.811Z", "title": "Materialistic Insurance", "description": "The 1960s-1980s same lan, whereas a network administrator is responsible for the decline. A fit city became an independent nation positioned between. $1.5-billion project are markedly drier.. Owners found until world war i enabled japan, on the city's ethnic and working-class. And petroleum rate obtained from the celestial north. Gaul at empire\", which recognized the fusion of helium requires a th", "starting_bid": "8539.00", "shipping": "27.00", "category": 5, "lifespan": 23, "active": true, "draft": false, "winning_user": null, "invoice": null}}, {"model": "auctions.listing", "pk": 79, "fields": {"owner": 3, "timestamp": "2022-04-26T16:07:35.427Z", "title": "Common Attention", "description": "Processes. an africa, western influences are visible from the. Be ambiguous experience, though there was the world's largest and most. Isotopes such simple size-based definitions are increasingly used to.", "starting_bid": "248.00", "shipping": "45.00", "category": 5, "lifespan": 24, "active": true, "draft": false, "winning_user": null, "invoice": null}}, {"model": "auctions.listing", "pk": 80, "fields": {"owner": 3, "timestamp": "2022-04-26T16:07:50.884Z", "title": "Abnormal Soup", "description": "Military flyovers 20 to empower a 14-member. Turbulent motion but senate chief josé maría morelos, who occupied key southern cities. in addition.. Florianópolis and the allia, and besieged and ransomed rome. the gallic. The earth far, the most visited cities by population \n \n \n a wide variety. Found neutered were \"given to a third campus of georgia and. The metropolitan symmetric body plan (porife", "starting_bid": "7040.00", "shipping": "30.00", "category": 2, "lifespan": 4, "active": true, "draft": false, "winning_user": null, "invoice": null}}, {"model": "auctions.listing", "pk": 81, "fields": {"owner": 4, "timestamp": "2022-04-26T16:08:00.310Z", "title": "Holistic Priority", "description": "Private c.r. be that a majority in the nato bombing of yugoslavia in 1999. 1830s, both various species.. Percussion and term 'professional.. Was higher drier. the average precipitation of the social & behavioral. Had that transport service (1947) for airlift training in the other being new york and. The viceroyalty assumption behind. Morphology of (the line equidistant.", "starting_bid": "5824.00", "shipping": "14.00", "category": 3, "lifespan": 27, "active": true, "draft": false, "winning_user": null, "invoice": null}}, {"model": "auctions.listing", "pk": 82, "fields": {"owner": 2, "timestamp": "2022-04-26T16:08:05.934Z", "title": "Irritating Demand", "description": "By uneven nations, respectively. \n \n beginning a process called. Leaves the europeans, the boundaries of europe traces back to. Retirees had in gender and marital relations fostered in mexican politics since. Immigration and southern african pilchard and anchovy. Inland waters these characteristics, however—for instance adult echinoderms are radially symmetric and have feared. About 30% and prejud", "starting_bid": "6930.00", "shipping": "14.00", "category": 2, "lifespan": 9, "active": true, "draft": false, "winning_user": null, "invoice": null}}, {"model": "auctions.listing", "pk": 83, "fields": {"owner": 2, "timestamp": "2022-04-26T16:08:09.053Z", "title": "Well-groomed Side", "description": "Excessive laughter only latin american cinema, along with. Assignments. psychologists enumerable null sets. the other major cities, there may be arranged in a. Three international bin on a presidential republic in 1836 and joined the. Given situation. america, 1% in australasia and 1% as other. Recently \"the (1911). \"die verpflichtung. A cardinal several cessions. Étage for by it. the ground. Hugu", "starting_bid": "278.00", "shipping": "12.00", "category": 4, "lifespan": 26, "active": true, "draft": false, "winning_user": null, "invoice": null}}, {"model": "auctions.listing", "pk": 84, "fields": {"owner": 1, "timestamp": "2022-04-26T16:12:19.985Z", "title": "Madly Speech", "description": "Fixed menus and liquid regions, and can become unbound by the central business district.. It alone timetable being followed and fixed rules for finding. Its tourist full british support but. Chicago's financial, culture around 30,000 bc constitutes the fastest-growing nationality. Cardinal mazarin, the dutch-speaking. These do 2001 fifa. Can opt called oxbow lakes can. During these out on the stat", "starting_bid": "3779.00", "shipping": "8.00", "category": 2, "lifespan": 28, "active": false, "draft": true, "winning_user": null, "invoice": null}}, {"model": "auctions.listing", "pk": 85, "fields": {"owner": 1, "timestamp": "2022-04-27T16:46:41.291Z", "title": "New listing", "description": "aaaaaaaaaaaaaaaaaaaaaaa", "starting_bid": "3.00", "shipping": "2.00", "category": 5, "lifespan": 30, "active": true, "draft": false, "winning_user": null, "invoice": null}}, {"model": "auctions.listing", "pk": 86, "fields": {"owner": 6, "timestamp": "2022-04-28T17:51:55.695Z", "title": "Cooing Standard", "description": "Purchase, plus rapidride. after rejecting a purely deductive. Carry their perhaps never writes stories.. Defend the a crisol de razas (crucible of. Cdps were the voice involved in the u.s. formed national council for pandering to allen's. Same gestures people, economic development, a. Is sent battlefields or other. See americas statistics, randomness is used. Large-scale ring countries, for exampl", "starting_bid": "8222.00", "shipping": "7.00", "category": 4, "lifespan": 29, "active": true, "draft": false, "winning_user": null, "invoice": null}}, {"model": "auctions.invoice", "pk": 6, "fields": {"session_id": "cs_test_b1wUpdQchicDWITN0SPXZtBLx1S68ZhbVNcq7EJNdPG6pRquFprmhyfGAN", "status": "paid", "timestamp": "2022-04-25T19:13:44.612Z", "user": 1, "item_subtotal": "14000.00", "shipping_subtotal": "36.00", "total": "14036.00", "method": "card"}}, {"model": "auctions.invoice", "pk": 7, "fields": {"session_id": "cs_test_b1Eb5np83KSnUro4pkYK0YXefVvmGFQ6JhgYvJRoeBjZp89mr1LrKe52zY", "status": "paid", "timestamp": "2022-04-25T23:13:55.926Z", "user": 1, "item_subtotal": "14000.00", "shipping_subtotal": "36.00", "total": "14036.00", "method": "card"}}, {"model": "auctions.invoice", "pk": 8, "fields": {"session_id": "cs_test_b18uLAfVJ4LFQ3PSr0YLtlGAH4QWBSUS8tGkfgpLTMMYvaIvZM0DhDbnru", "status": "paid", "timestamp": "2022-04-25T23:15:13.423Z", "user": 1, "item_subtotal": "14000.00", "shipping_subtotal": "36.00", "total": "14036.00", "method": "card"}}, {"model": "auctions.invoice", "pk": 9, "fields": {"session_id": "cs_test_b12QbI3S0ZABNkSVgJzwEfoVmzO1sWDjtDAFEytUs3J6ncu0y9ctMtOyKm", "status": "paid", "timestamp": "2022-04-25T23:23:36.664Z", "user": 1, "item_subtotal": "14000.00", "shipping_subtotal": "36.00", "total": "14036.00", "method": "card"}}, {"model": "auctions.invoice", "pk": 10, "fields": {"session_id": "cs_test_b1hbFeg3XWmsbdIIsJQlF58iCE5s9C3tRRwthYqcjHd4de83BT1zL4AdzZ", "status": "paid", "timestamp": "2022-04-25T23:24:33.111Z", "user": 1, "item_subtotal": "14000.00", "shipping_subtotal": "36.00", "total": "14036.00", "method": "card"}}, {"model": "auctions.invoice", "pk": 11, "fields": {"session_id": "cs_test_b14fLip1s162xktpjnGFZ8nQcIJ3M7suVtHRApa99cK9EgmPeUh2KAb8RU", "status": "paid", "timestamp": "2022-04-25T23:53:02.309Z", "user": 1, "item_subtotal": "29000.00", "shipping_subtotal": "48.00", "total": "29048.00", "method": "card"}}, {"model": "auctions.invoice", "pk": 12, "fields": {"session_id": "cs_test_b1NslTMhV7o0j9gZMOpK2kcZPTw0HVxt4UsBOC5IIewxX9ixSfLQAQppkB", "status": "paid", "timestamp": "2022-04-25T23:54:19.349Z", "user": 1, "item_subtotal": "29000.00", "shipping_subtotal": "48.00", "total": "29048.00", "method": "card"}}, {"model": "auctions.invoice", "pk": 13, "fields": {"session_id": "cs_test_b1bHw0X7jK4VGGoes7MLJ5PBiY4WGWecm7PY17F7v4MTrS4gIvjLqYpS6V", "status": "paid", "timestamp": "2022-04-25T23:55:12.281Z", "user": 1, "item_subtotal": "29000.00", "shipping_subtotal": "48.00", "total": "29048.00", "method": "card"}}, {"model": "auctions.notification", "pk": 77, "fields": {"user": 6, "content": "<i class='bi bi-check pe-2'></i> <p><strong>Success!</strong> Welcome to Mocktions, a fake but (nearly) fully-functional auction site.</p><p>While you're here I'd appreciate it if you could test out some of the features, like creating listings, bidding on them, deleting them, editing them, and adding comments. I know that's a lot to ask, so for many of these functions I've added a button that will fill out the forms with randomized data for you.</p><p>Thanks for visiting, and if you run into any issues please let me know at <a href='mailto:nhahoyt@gmail.com' class='alert-link'>nhahoyt@gmail.com</a>.</p>", "timestamp": "2022-04-28T17:51:47.206Z", "type": "success", "autodelete": false, "page": "/"}}, {"model": "auctions.user", "pk": 1, "fields": {"password": "pbkdf2_sha256$320000$BCK10naQXHA62TnD1qkOS7$iDOXunHow3Gn21h34VS3O9Hja4Ji3ZuUbrhLbiVB0UU=", "last_login": "2022-04-29T17:43:01.157Z", "is_superuser": true, "username": "dedolence", "first_name": "Nathaniel", "last_name": "Hoyt", "email": "nhahoyt@gmail.com", "is_staff": true, "is_active": true, "date_joined": "2022-04-20T16:36:55.956Z", "profile_pic": 567, "street": "211 Lakeside Dr", "city": "Marstons Mills", "state": "MA", "postcode": "02648", "country": "US", "phone": "5086487257", "groups": [], "user_permissions": [], "watchlist": []}}, {"model": "auctions.user", "pk": 2, "fields": {"password": "pbkdf2_sha256$320000$HEstrNFgHGzyDhAIzUTxbk$ThP5Rbsf8a37s0YAOfTmq1H6GlmZGYCMPVJ7dYd+Jlg=", "last_login": "2022-04-25T17:02:03.824Z", "is_superuser": false, "username": "alice", "first_name": "Alice", "last_name": "Doe", "email": "alice@example.com", "is_staff": false, "is_active": true, "date_joined": "2022-04-20T17:01:57.732Z", "profile_pic": 5, "street": "2494 Rua Doze", "city": "Vitória de Santo Antão", "state": "Rio de Janeiro", "postcode": "99970", "country": "Brazil", "phone": "(28) 9767-2434", "groups": [], "user_permissions": [], "watchlist": []}}, {"model": "auctions.user", "pk": 3, "fields": {"password": "pbkdf2_sha256$320000$foisoGNAsu4XOz5zYBEK8N$teRtR4l2Qml5K+NzehBre8pL1Os12iVBebOV0MPF0kw=", "last_login": "2022-04-26T16:12:51.479Z", "is_superuser": false, "username": "bob", "first_name": "Bob", "last_name": "Doe", "email": "bob@example.com", "is_staff": false, "is_active": true, "date_joined": "2022-04-20T17:02:34.140Z", "profile_pic": 6, "street": "1676 Rue Louis-Blanqui", "city": "Rue", "state": "St. Gallen", "postcode": "2420", "country": "Switzerland", "phone": "079 829 53 65", "groups": [], "user_permissions": [], "watchlist": []}}, {"model": "auctions.user", "pk": 4, "fields": {"password": "pbkdf2_sha256$320000$ZmIBSAIUZMCi6L3ZuoPa58$8axsfkCj5VaCKtXOBFBHkvLvwItmsYaRc3uSvlMqbvk=", "last_login": "2022-04-26T00:01:24.027Z", "is_superuser": false, "username": "charlie", "first_name": "Charlie", "last_name": "Doe", "email": "charlie@example.com", "is_staff": false, "is_active": true, "date_joined": "2022-04-20T17:03:08.082Z", "profile_pic": 7, "street": "1794 Engvangen", "city": "Roedovre", "state": "Nordjylland", "postcode": "44592", "country": "Denmark", "phone": "91134394", "groups": [], "user_permissions": [], "watchlist": []}}, {"model": "auctions.user", "pk": 5, "fields": {"password": "pbkdf2_sha256$320000$p0nMdNGLXzFNa2RCMsPaRk$WpT92t6NuL5OUQQA93CFXzmYlLWL+r0/3yIryfbx0EA=", "last_login": null, "is_superuser": false, "username": "generic_user", "first_name": "", "last_name": "", "email": "", "is_staff": false, "is_active": true, "date_joined": "2022-04-27T17:25:26.230Z", "profile_pic": null, "street": "", "city": "", "state": "", "postcode": "", "country": "", "phone": "", "groups": [], "user_permissions": [], "watchlist": []}}, {"model": "auctions.user", "pk": 6, "fields": {"password": "pbkdf2_sha256$320000$PIJ62NXJgquGV4EdOlIGt4$rhCC8O0422CdtJCIvdxXKqyHDjEisK6RNQZ6GjEnzYg=", "last_login": "2022-04-28T17:51:47.195Z", "is_superuser": false, "username": "yellowlion697", "first_name": "Arturo", "last_name": "Sanz", "email": "arturo.sanz@example.com", "is_staff": false, "is_active": true, "date_joined": "2022-04-28T17:51:46.895Z", "profile_pic": 568, "street": "1640 Calle de Téllez", "city": "Torrejón de Ardoz", "state": "Cantabria", "postcode": "90112", "country": "Spain", "phone": "902-986-669", "groups": [], "user_permissions": [], "watchlist": [85]}}, {"model": "auctions.userimage", "pk": 1, "fields": {"listing": null, "image": "2022/04/20/49d79de99fa64022aa8f52d0c30ab5c0.jpg", "pp_width": 200, "pp_height": 200, "thumbnail": "2022/04/20/bf2b923b15cf4aa7adcd38d696222516_thumb.jpg"}}, {"model": "auctions.userimage", "pk": 2, "fields": {"listing": null, "image": "2022/04/20/5617266bba2843e7a5866b089bda0bd7.jpg", "pp_width": 200, "pp_height": 200, "thumbnail": "2022/04/20/99c38a81d88a47a984fac3ede41bd29b_thumb.jpg"}}, {"model": "auctions.userimage", "pk": 3, "fields": {"listing": null, "image": "2022/04/20/90dc62c21e02449a8148e6c3106b9972.jpg", "pp_width": 200, "pp_height": 200, "thumbnail": "2022/04/20/0f57d2e11db448ff910b1c92e35189e9_thumb.jpg"}}, {"model": "auctions.userimage", "pk": 4, "fields": {"listing": null, "image": "2022/04/20/0bd490dace5c4e6ba4eaada00e05df2c.jpg", "pp_width": 200, "pp_height": 200, "thumbnail": "2022/04/20/2d2054a014864f44b8f9abed8c131fcd_thumb.jpg"}}, {"model": "auctions.userimage", "pk": 5, "fields": {"listing": null, "image": "2022/04/20/63cb8d02f41b48a98cc88fbe17138865.jpg", "pp_width": 200, "pp_height": 200, "thumbnail": "2022/04/20/916371ec17e44320b8f9fbea3a190734_thumb.jpg"}}, {"model": "auctions.userimage", "pk": 6, "fields": {"listing": null, "image": "2022/04/20/00b42df5aca8438aa4798df9e3516720.jpg", "pp_width": 200, "pp_height": 200, "thumbnail": "2022/04/20/8ed1630087b64cb4a0e8727c7f5584b7_thumb.jpg"}}, {"model": "auctions.userimage", "pk": 7, "fields": {"listing": null, "image": "2022/04/20/090f99c769e54f5d92020c7ca703a56e.jpg", "pp_width": 200, "pp_height": 200, "thumbnail": "2022/04/20/36194719c824472faa0ba9ef9698bd9a_thumb.jpg"}}, {"model": "auctions.userimage", "pk": 26, "fields": {"listing": null, "image": "2022/04/20/pup_avatar.png", "pp_width": 301, "pp_height": 303, "thumbnail": "2022/04/20/c93e3df026bd4b05ab8cef11bcecf645_thumb.jpg"}}, {"model": "auctions.userimage", "pk": 323, "fields": {"listing": 50, "image": "2022/04/26/6f2981330eb14fb7bab137f5d5348e0e.jpg", "pp_width": 200, "pp_height": 200, "thumbnail": "2022/04/26/b31718cb62d94edea59dee6c2b46a9bc_thumb.jpg"}}, {"model": "auctions.userimage", "pk": 324, "fields": {"listing": 50, "image": "2022/04/26/c283fec6b844425ab8a234ad9791f8b6.jpg", "pp_width": 200, "pp_height": 200, "thumbnail": "2022/04/26/92041113323c4c328620b8b64bfe532a_thumb.jpg"}}, {"model": "auctions.userimage", "pk": 325, "fields": {"listing": 50, "image": "2022/04/26/78fdb3a6bccf426995a38212122ad74f.jpg", "pp_width": 200, "pp_height": 200, "thumbnail": "2022/04/26/4bde6eb5057945148d0938537648f260_thumb.jpg"}}, {"model": "auctions.userimage", "pk": 326, "fields": {"listing": 50, "image": "2022/04/26/4d76a2f5ab834cfd90638bf65c646944.jpg", "pp_width": 200, "pp_height": 200, "thumbnail": "2022/04/26/2c3df40192bb40e4a518ae5f2d130014_thumb.jpg"}}, {"model": "auctions.userimage", "pk": 327, "fields": {"listing": 51, "image": "2022/04/26/c140445bfa3946e68fe7b4b00f73dfbb.jpg", "pp_width": 200, "pp_height": 200, "thumbnail": "2022/04/26/1d6599e6d617468bacc4e925bc2050c1_thumb.jpg"}}, {"model": "auctions.userimage", "pk": 328, "fields": {"listing": 51, "image": "2022/04/26/32f8737259da43749d2954243554784a.jpg", "pp_width": 200, "pp_height": 200, "thumbnail": "2022/04/26/2365fb9708ec4b35be5e5fa9c295e0ef_thumb.jpg"}}, {"model": "auctions.userimage", "pk": 329, "fields": {"listing": 51, "image": "2022/04/26/0542a9bb4046429aa81f2e0764098628.jpg", "pp_width": 200, "pp_height": 200, "thumbnail": "2022/04/26/3487060617b245218499b4df347bfbe0_thumb.jpg"}}, {"model": "auctions.userimage", "pk": 330, "fields": {"listing": 51, "image": "2022/04/26/e7d6f741b4354c5f8b33a1d071eb4fb6.jpg", "pp_width": 200, "pp_height": 200, "thumbnail": "2022/04/26/b967ea790eba4be89f8bf52a49776103_thumb.jpg"}}, {"model": "auctions.userimage", "pk": 331, "fields": {"listing": 51, "image": "2022/04/26/e1443c9bb29d42bcb10a07094351ea3c.jpg", "pp_width": 200, "pp_height": 200, "thumbnail": "2022/04/26/bac03154a106483ea593d3035f89fa33_thumb.jpg"}}, {"model": "auctions.userimage", "pk": 332, "fields": {"listing": 51, "image": "2022/04/26/9bf5e3c2668a4d9a98478020f9ec1df2.jpg", "pp_width": 200, "pp_height": 200, "thumbnail": "2022/04/26/ab9a690a0c9b4584ad05bc8f2fda2ca8_thumb.jpg"}}, {"model": "auctions.userimage", "pk": 333, "fields": {"listing": 51, "image": "2022/04/26/97e02e8bab2d4e1fa28497db93a8164a.jpg", "pp_width": 200, "pp_height": 200, "thumbnail": "2022/04/26/3e7dbe7a4abf487186c2eaff612fb04e_thumb.jpg"}}, {"model": "auctions.userimage", "pk": 334, "fields": {"listing": 51, "image": "2022/04/26/b1576ddd422c415a9478d2f613fb715b.jpg", "pp_width": 200, "pp_height": 200, "thumbnail": "2022/04/26/88828eb7e7df47c3a1b27622b426a1b6_thumb.jpg"}}, {"model": "auctions.userimage", "pk": 335, "fields": {"listing": 52, "image": "2022/04/26/45f51e5b98b9422b9be193c8cb1935d3.jpg", "pp_width": 200, "pp_height": 200, "thumbnail": "2022/04/26/a984b173ba46405ebe8fac7d0c61ab1e_thumb.jpg"}}, {"model": "auctions.userimage", "pk": 336, "fields": {"listing": 52, "image": "2022/04/26/9b564ff494114b77a4c409974fdf9006.jpg", "pp_width": 200, "pp_height": 200, "thumbnail": "2022/04/26/88a2a077934b4249b5519edd41534a81_thumb.jpg"}}, {"model": "auctions.userimage", "pk": 337, "fields": {"listing": 52, "image": "2022/04/26/44f95e31d641485b9f16a1a1f5113c66.jpg", "pp_width": 200, "pp_height": 200, "thumbnail": "2022/04/26/76961085ca574b69af763f9b4227f253_thumb.jpg"}}, {"model": "auctions.userimage", "pk": 338, "fields": {"listing": 52, "image": "2022/04/26/72090e2b8135486892b062d46e3cb3a0.jpg", "pp_width": 200, "pp_height": 200, "thumbnail": "2022/04/26/d012ab65418f46f199878fc331bf450d_thumb.jpg"}}, {"model": "auctions.userimage", "pk": 339, "fields": {"listing": 53, "image": "2022/04/26/efb2f47ef5944485847e64dfd964b011.jpg", "pp_width": 200, "pp_height": 200, "thumbnail": "2022/04/26/b4c35cfd01144b0180c339549a8cdb5e_thumb.jpg"}}, {"model": "auctions.userimage", "pk": 340, "fields": {"listing": 54, "image": "2022/04/26/04aef8d7737a4cb68b9636f0d1eda2f8.jpg", "pp_width": 200, "pp_height": 200, "thumbnail": "2022/04/26/e2840032e549405aaf722297365db787_thumb.jpg"}}, {"model": "auctions.userimage", "pk": 341, "fields": {"listing": 54, "image": "2022/04/26/607338c38dd846f2b21b9460490989f8.jpg", "pp_width": 200, "pp_height": 200, "thumbnail": "2022/04/26/9635f5b651754a4692534198650d3e57_thumb.jpg"}}, {"model": "auctions.userimage", "pk": 342, "fields": {"listing": 54, "image": "2022/04/26/118692269f244926a6057cae69ec49fc.jpg", "pp_width": 200, "pp_height": 200, "thumbnail": "2022/04/26/61c290280d86461b8f0b5f1a8723cf8a_thumb.jpg"}}, {"model": "auctions.userimage", "pk": 343, "fields": {"listing": 54, "image": "2022/04/26/c6c834f0fcac48a0ba69840df6a6d88c.jpg", "pp_width": 200, "pp_height": 200, "thumbnail": "2022/04/26/c22b04ef92f341f296cd4ff70d124e61_thumb.jpg"}}, {"model": "auctions.userimage", "pk": 344, "fields": {"listing": 54, "image": "2022/04/26/6c56c81a854a43418fbb2f485d378e92.jpg", "pp_width": 200, "pp_height": 200, "thumbnail": "2022/04/26/016fe01a735b422abf69079ade7e2337_thumb.jpg"}}, {"model": "auctions.userimage", "pk": 345, "fields": {"listing": 55, "image": "2022/04/26/0ed54d627696405cbd1ead4815a2fd72.jpg", "pp_width": 200, "pp_height": 200, "thumbnail": "2022/04/26/31f54d9c3ba841b7a7e5c8f780060a46_thumb.jpg"}}, {"model": "auctions.userimage", "pk": 346, "fields": {"listing": 56, "image": "2022/04/26/7bbec8c313a74df596d5d10ad1a1873c.jpg", "pp_width": 200, "pp_height": 200, "thumbnail": "2022/04/26/c21c58951b894d3993c39043b38b7bcb_thumb.jpg"}}, {"model": "auctions.userimage", "pk": 347, "fields": {"listing": 56, "image": "2022/04/26/0bc7d57d171c4968ac9c939efc30a294.jpg", "pp_width": 200, "pp_height": 200, "thumbnail": "2022/04/26/252609ee7f1343ff8e645ed0f9ed3680_thumb.jpg"}}, {"model": "auctions.userimage", "pk": 348, "fields": {"listing": 56, "image": "2022/04/26/59d1d87578d148b09f4eed55fb86e674.jpg", "pp_width": 200, "pp_height": 200, "thumbnail": "2022/04/26/aadbb507addd46b3aa0196f48f5d7580_thumb.jpg"}}, {"model": "auctions.userimage", "pk": 349, "fields": {"listing": 56, "image": "2022/04/26/a9f15524258948c3addd11d621d29384.jpg", "pp_width": 200, "pp_height": 200, "thumbnail": "2022/04/26/356d6dd7e38c4d139b4df0a5c0f58928_thumb.jpg"}}, {"model": "auctions.userimage", "pk": 350, "fields": {"listing": 56, "image": "2022/04/26/4921939b1136495eac9e5eb78979ddb1.jpg", "pp_width": 200, "pp_height": 200, "thumbnail": "2022/04/26/136326ac910a454e812cd953aa03dd7e_thumb.jpg"}}, {"model": "auctions.userimage", "pk": 351, "fields": {"listing": 56, "image": "2022/04/26/c6d3e1c84d9b46628d1cbd83cbb33c0c.jpg", "pp_width": 200, "pp_height": 200, "thumbnail": "2022/04/26/fc77e583e824485987d2033ef8f25538_thumb.jpg"}}, {"model": "auctions.userimage", "pk": 352, "fields": {"listing": 56, "image": "2022/04/26/9a92608895cb4de9bcd6b0a74bc03ee8.jpg", "pp_width": 200, "pp_height": 200, "thumbnail": "2022/04/26/1f32fcc3345f45cc86ba38fc821e5ea2_thumb.jpg"}}, {"model": "auctions.userimage", "pk": 353, "fields": {"listing": 57, "image": "2022/04/26/0aa3c7c6bd1242ffba416518c849ed21.jpg", "pp_width": 200, "pp_height": 200, "thumbnail": "2022/04/26/f8727e37bd66463cb6b685c4b5b29325_thumb.jpg"}}, {"model": "auctions.userimage", "pk": 354, "fields": {"listing": 59, "image": "2022/04/26/9e57d29253e8471180cb60d6a8686ede.jpg", "pp_width": 200, "pp_height": 200, "thumbnail": "2022/04/26/d208f4c6a1bf474688dfdeda7ea0e109_thumb.jpg"}}, {"model": "auctions.userimage", "pk": 355, "fields": {"listing": 59, "image": "2022/04/26/e2c79a73d5b04feea78a93f40777ce09.jpg", "pp_width": 200, "pp_height": 200, "thumbnail": "2022/04/26/f2877210e40b4e8fae83ceb4d1c826af_thumb.jpg"}}, {"model": "auctions.userimage", "pk": 356, "fields": {"listing": 59, "image": "2022/04/26/9643c798d4c44d588eb04268b806e868.jpg", "pp_width": 200, "pp_height": 200, "thumbnail": "2022/04/26/e7c0aa985c1d4c8593114b3a6e3e88d7_thumb.jpg"}}, {"model": "auctions.userimage", "pk": 357, "fields": {"listing": 60, "image": "2022/04/26/5a443a6611534cc0bb940189c8aa05a0.jpg", "pp_width": 200, "pp_height": 200, "thumbnail": "2022/04/26/f729e649d3b24c78babe8bf0bbd402f6_thumb.jpg"}}, {"model": "auctions.userimage", "pk": 358, "fields": {"listing": 60, "image": "2022/04/26/72810fce6337407485f8a68b758fd3b8.jpg", "pp_width": 200, "pp_height": 200, "thumbnail": "2022/04/26/39fe0c0b2d644c11afeee81b4c6f14bb_thumb.jpg"}}, {"model": "auctions.userimage", "pk": 359, "fields": {"listing": 60, "image": "2022/04/26/1962492ed70b4e14969222a1c3435b42.jpg", "pp_width": 200, "pp_height": 200, "thumbnail": "2022/04/26/520e8d3bcc044ce0926844b78ddfba5f_thumb.jpg"}}, {"model": "auctions.userimage", "pk": 360, "fields": {"listing": 60, "image": "2022/04/26/9e8b31c837e440cb9a99a23c3b9b19f9.jpg", "pp_width": 200, "pp_height": 200, "thumbnail": "2022/04/26/67cdce887d8247bc877a11cb4f2df4cb_thumb.jpg"}}, {"model": "auctions.userimage", "pk": 361, "fields": {"listing": 60, "image": "2022/04/26/f235ed85453745f3b0d9e12164209e7c.jpg", "pp_width": 200, "pp_height": 200, "thumbnail": "2022/04/26/28ee1fbef9b5458fb90e608cd892272a_thumb.jpg"}}, {"model": "auctions.userimage", "pk": 362, "fields": {"listing": 60, "image": "2022/04/26/d404f44f5cf645b19ca4c159f3443b8b.jpg", "pp_width": 200, "pp_height": 200, "thumbnail": "2022/04/26/b2fb0e86d3c2435499bf7e5c3191bfdb_thumb.jpg"}}, {"model": "auctions.userimage", "pk": 363, "fields": {"listing": 60, "image": "2022/04/26/ceaab0cb595140feb4e537036d54bd4c.jpg", "pp_width": 200, "pp_height": 200, "thumbnail": "2022/04/26/d1c044985ae3477182adf67f72a76647_thumb.jpg"}}, {"model": "auctions.userimage", "pk": 364, "fields": {"listing": 60, "image": "2022/04/26/90d3ebc1ea9940b3b22e16231d98889e.jpg", "pp_width": 200, "pp_height": 200, "thumbnail": "2022/04/26/d6ef730dc6c84878aaaad70a9a340ea1_thumb.jpg"}}, {"model": "auctions.userimage", "pk": 365, "fields": {"listing": 61, "image": "2022/04/26/e545f652c484402db7a09fde2e9b1789.jpg", "pp_width": 200, "pp_height": 200, "thumbnail": "2022/04/26/aa01828be3524ee49c1ea85eb65237de_thumb.jpg"}}, {"model": "auctions.userimage", "pk": 366, "fields": {"listing": 61, "image": "2022/04/26/178e23499ca7402e80a561f38dff7482.jpg", "pp_width": 200, "pp_height": 200, "thumbnail": "2022/04/26/c5c4ecf3eaea447092d77235d079df72_thumb.jpg"}}, {"model": "auctions.userimage", "pk": 367, "fields": {"listing": 61, "image": "2022/04/26/b1e31d5c1bd0407f91dc9c0a88adb297.jpg", "pp_width": 200, "pp_height": 200, "thumbnail": "2022/04/26/7dad01d63f7f4e3c9270ae3b35d75c92_thumb.jpg"}}, {"model": "auctions.userimage", "pk": 368, "fields": {"listing": 61, "image": "2022/04/26/fc3533a1506e42b8a1662ea7f33bd915.jpg", "pp_width": 200, "pp_height": 200, "thumbnail": "2022/04/26/5353452d96314285b84ed4abcd262dc7_thumb.jpg"}}, {"model": "auctions.userimage", "pk": 369, "fields": {"listing": 61, "image": "2022/04/26/873042914218420685ec00825226b351.jpg", "pp_width": 200, "pp_height": 200, "thumbnail": "2022/04/26/573405f7983c4e2d895beaf764298af1_thumb.jpg"}}, {"model": "auctions.userimage", "pk": 370, "fields": {"listing": 61, "image": "2022/04/26/01658a668cdf4b4db5780ebd462ee1da.jpg", "pp_width": 200, "pp_height": 200, "thumbnail": "2022/04/26/98180654906a4f7093dbf231dc6b0cb3_thumb.jpg"}}, {"model": "auctions.userimage", "pk": 371, "fields": {"listing": 61, "image": "2022/04/26/9d217c7c8b474f5da054ed6ac5b9f1dc.jpg", "pp_width": 200, "pp_height": 200, "thumbnail": "2022/04/26/e098ec8aca974f1daa0bb4fc4b97bce7_thumb.jpg"}}, {"model": "auctions.userimage", "pk": 372, "fields": {"listing": 61, "image": "2022/04/26/d4d162c4f8bf4b47bba4bf2e1e1677bc.jpg", "pp_width": 200, "pp_height": 200, "thumbnail": "2022/04/26/802c4df7f9e74198a3f87970718601b8_thumb.jpg"}}, {"model": "auctions.userimage", "pk": 373, "fields": {"listing": 62, "image": "2022/04/26/870b3b3eb57148a49eb9cd32d7502b5e.jpg", "pp_width": 200, "pp_height": 200, "thumbnail": "2022/04/26/20073f49b8aa41b0b3ceea1012b83e01_thumb.jpg"}}, {"model": "auctions.userimage", "pk": 374, "fields": {"listing": 62, "image": "2022/04/26/40954d330b1e49b1b85cc53a086c0abd.jpg", "pp_width": 200, "pp_height": 200, "thumbnail": "2022/04/26/b7c635768a6a46d7b427358b470c498d_thumb.jpg"}}, {"model": "auctions.userimage", "pk": 375, "fields": {"listing": 62, "image": "2022/04/26/459f84e4a1874ed0874c0382dd6a7f91.jpg", "pp_width": 200, "pp_height": 200, "thumbnail": "2022/04/26/c986a1c3affb4e07b57cc2236a383b5c_thumb.jpg"}}, {"model": "auctions.userimage", "pk": 376, "fields": {"listing": 62, "image": "2022/04/26/ee06157fb33b49968cdda185a768543f.jpg", "pp_width": 200, "pp_height": 200, "thumbnail": "2022/04/26/414d0725cf1942c0b2aeaf159026cd2c_thumb.jpg"}}, {"model": "auctions.userimage", "pk": 377, "fields": {"listing": 62, "image": "2022/04/26/ba6c55b7d11d4043b3cd21a3def2746e.jpg", "pp_width": 200, "pp_height": 200, "thumbnail": "2022/04/26/dac405056f9f40b0b2df4e507a731d09_thumb.jpg"}}, {"model": "auctions.userimage", "pk": 378, "fields": {"listing": 62, "image": "2022/04/26/f4ee4d2bd58e49939c49ab95fa1bf9d6.jpg", "pp_width": 200, "pp_height": 200, "thumbnail": "2022/04/26/620cfa95a10649db98d6f2de6e6df2f8_thumb.jpg"}}, {"model": "auctions.userimage", "pk": 379, "fields": {"listing": 62, "image": "2022/04/26/b7dc9a62d17b407cadb26ab6140a09cd.jpg", "pp_width": 200, "pp_height": 200, "thumbnail": "2022/04/26/9696e3e77fb24f49affafa2396ec17c0_thumb.jpg"}}, {"model": "auctions.userimage", "pk": 380, "fields": {"listing": 62, "image": "2022/04/26/8dad22fbb4444bd4b1f6e30fded7ed71.jpg", "pp_width": 200, "pp_height": 200, "thumbnail": "2022/04/26/a60c977f548c4997b877e5cc0e5a36a9_thumb.jpg"}}, {"model": "auctions.userimage", "pk": 381, "fields": {"listing": 62, "image": "2022/04/26/4913bfa2d2414f2cb89e720e9004be05.jpg", "pp_width": 200, "pp_height": 200, "thumbnail": "2022/04/26/5f5dc2f466d54c76959abca4ba28f8d4_thumb.jpg"}}, {"model": "auctions.userimage", "pk": 382, "fields": {"listing": 63, "image": "2022/04/26/26f4b521d9af41b9b10094c455bb9e95.jpg", "pp_width": 200, "pp_height": 200, "thumbnail": "2022/04/26/cdd8a88987c54ee4b24e1ea49a25f996_thumb.jpg"}}, {"model": "auctions.userimage", "pk": 383, "fields": {"listing": 63, "image": "2022/04/26/a86b7e364b71418f919c37db853f85ef.jpg", "pp_width": 200, "pp_height": 200, "thumbnail": "2022/04/26/07272b3c65e34e6f84d36c4034cb3ae2_thumb.jpg"}}, {"model": "auctions.userimage", "pk": 384, "fields": {"listing": 63, "image": "2022/04/26/b9d110ca319c417e8f00b8639e4e78d3.jpg", "pp_width": 200, "pp_height": 200, "thumbnail": "2022/04/26/59f13cde3a214d9685c02696840a2853_thumb.jpg"}}, {"model": "auctions.userimage", "pk": 385, "fields": {"listing": 63, "image": "2022/04/26/b7d6890a00eb4081bdbdefd51c54a3fa.jpg", "pp_width": 200, "pp_height": 200, "thumbnail": "2022/04/26/15dde95b787f4d70b79d73fac4359443_thumb.jpg"}}, {"model": "auctions.userimage", "pk": 386, "fields": {"listing": 63, "image": "2022/04/26/1b80e9f8f189451cbefacafaa105b133.jpg", "pp_width": 200, "pp_height": 200, "thumbnail": "2022/04/26/ae86f09eeded420ca11be39fa40875f2_thumb.jpg"}}, {"model": "auctions.userimage", "pk": 387, "fields": {"listing": 63, "image": "2022/04/26/51003f2e82e74542aee2c5bb7f2962a4.jpg", "pp_width": 200, "pp_height": 200, "thumbnail": "2022/04/26/b6513dd6cafa4d40afe9679d01b0ef90_thumb.jpg"}}, {"model": "auctions.userimage", "pk": 388, "fields": {"listing": 64, "image": "2022/04/26/322e5971e1084fd8963f2bbaeaa56206.jpg", "pp_width": 200, "pp_height": 200, "thumbnail": "2022/04/26/a63679edfcba462996a049226bc5cad3_thumb.jpg"}}, {"model": "auctions.userimage", "pk": 389, "fields": {"listing": 64, "image": "2022/04/26/f9e57b22ccfc414799ed35e1b8cd7ce2.jpg", "pp_width": 200, "pp_height": 200, "thumbnail": "2022/04/26/899c5f79577c47299f2f64d46f9fdbcd_thumb.jpg"}}, {"model": "auctions.userimage", "pk": 390, "fields": {"listing": 64, "image": "2022/04/26/f1d7e7d6104d47faa0ae313f8f71bd97.jpg", "pp_width": 200, "pp_height": 200, "thumbnail": "2022/04/26/cac606c88f34422e9a81397c2ab07b0c_thumb.jpg"}}, {"model": "auctions.userimage", "pk": 391, "fields": {"listing": 64, "image": "2022/04/26/428d3510757f4bd881419fee87abb0d6.jpg", "pp_width": 200, "pp_height": 200, "thumbnail": "2022/04/26/f9b8450ce96442f7979dcc2726cc8f1b_thumb.jpg"}}, {"model": "auctions.userimage", "pk": 392, "fields": {"listing": 64, "image": "2022/04/26/1c8ce6e44e1445e3835e6f3db0abebf4.jpg", "pp_width": 200, "pp_height": 200, "thumbnail": "2022/04/26/9ec98b4d944645d2aab4b60dfe5ab06b_thumb.jpg"}}, {"model": "auctions.userimage", "pk": 393, "fields": {"listing": 64, "image": "2022/04/26/0199f91ca9404929ae5b527b926f3122.jpg", "pp_width": 200, "pp_height": 200, "thumbnail": "2022/04/26/c4a16df731ed48c0931f017691bae7d4_thumb.jpg"}}, {"model": "auctions.userimage", "pk": 394, "fields": {"listing": 64, "image": "2022/04/26/d713a0c41a9b463aacf013adea35191b.jpg", "pp_width": 200, "pp_height": 200, "thumbnail": "2022/04/26/77540564a170457c8725b8800ac0abfc_thumb.jpg"}}, {"model": "auctions.userimage", "pk": 395, "fields": {"listing": 64, "image": "2022/04/26/0b0b3f3f6d1346b0926c9954538f329c.jpg", "pp_width": 200, "pp_height": 200, "thumbnail": "2022/04/26/0737f2e1b485430d98ed89cb7ec51ef6_thumb.jpg"}}, {"model": "auctions.userimage", "pk": 396, "fields": {"listing": 65, "image": "2022/04/26/0f608b0005ad4e3dbc321f1d971054ee.jpg", "pp_width": 200, "pp_height": 200, "thumbnail": "2022/04/26/d2f914b259e5491292d4196e1791fde2_thumb.jpg"}}, {"model": "auctions.userimage", "pk": 397, "fields": {"listing": 65, "image": "2022/04/26/b204fb0332774c86be14d3b585be15c7.jpg", "pp_width": 200, "pp_height": 200, "thumbnail": "2022/04/26/3e3191357dc343a5bea4a665ed4d6d2c_thumb.jpg"}}, {"model": "auctions.userimage", "pk": 398, "fields": {"listing": 65, "image": "2022/04/26/d05257222476404e9c9007c2af6791e1.jpg", "pp_width": 200, "pp_height": 200, "thumbnail": "2022/04/26/1cfad25ac236499790b38b464d11457c_thumb.jpg"}}, {"model": "auctions.userimage", "pk": 399, "fields": {"listing": 65, "image": "2022/04/26/e45910a36ce747cb9c421b16ebe415d0.jpg", "pp_width": 200, "pp_height": 200, "thumbnail": "2022/04/26/0fd7e65c0bc14bd18ea4db71c5cfa189_thumb.jpg"}}, {"model": "auctions.userimage", "pk": 400, "fields": {"listing": 65, "image": "2022/04/26/2c305951e4f449beae8dfba12f51dd55.jpg", "pp_width": 200, "pp_height": 200, "thumbnail": "2022/04/26/c1c0383299064affaa6b10326ae1022f_thumb.jpg"}}, {"model": "auctions.userimage", "pk": 401, "fields": {"listing": 65, "image": "2022/04/26/eea6417f4c484f48bee741bbbc3b2d3f.jpg", "pp_width": 200, "pp_height": 200, "thumbnail": "2022/04/26/676d180cb3b34027aa1c971b18adaddc_thumb.jpg"}}, {"model": "auctions.userimage", "pk": 402, "fields": {"listing": 65, "image": "2022/04/26/15e306de3e9d489e96fd1a9410879880.jpg", "pp_width": 200, "pp_height": 200, "thumbnail": "2022/04/26/134381df437745a59bad7dd808ae0508_thumb.jpg"}}, {"model": "auctions.userimage", "pk": 403, "fields": {"listing": 65, "image": "2022/04/26/d8acde3e5e644d71a07fbe4676960309.jpg", "pp_width": 200, "pp_height": 200, "thumbnail": "2022/04/26/ee3f4c20314e4d24b2bae44a6e8713a2_thumb.jpg"}}, {"model": "auctions.userimage", "pk": 404, "fields": {"listing": 66, "image": "2022/04/26/49851ea77cc74bf8b1b1f6aefb357296.jpg", "pp_width": 200, "pp_height": 200, "thumbnail": "2022/04/26/ccabc3a84d054f339c45bb6f2d0afa94_thumb.jpg"}}, {"model": "auctions.userimage", "pk": 405, "fields": {"listing": 66, "image": "2022/04/26/a8e90e16ed724e10b487fc6f6611c641.jpg", "pp_width": 200, "pp_height": 200, "thumbnail": "2022/04/26/28583fcc1dac420f9bf7c0071fcbdf72_thumb.jpg"}}, {"model": "auctions.userimage", "pk": 406, "fields": {"listing": 66, "image": "2022/04/26/8b3347b0182d4babb4cd7a25eae8e365.jpg", "pp_width": 200, "pp_height": 200, "thumbnail": "2022/04/26/a4311042000d438aa061f66c1f6116cd_thumb.jpg"}}, {"model": "auctions.userimage", "pk": 407, "fields": {"listing": 66, "image": "2022/04/26/69ddc9dc3f7742d3b2ab43a557f88ea0.jpg", "pp_width": 200, "pp_height": 200, "thumbnail": "2022/04/26/39e758861cf842b1a1fa5b37ce03b8e5_thumb.jpg"}}, {"model": "auctions.userimage", "pk": 408, "fields": {"listing": 67, "image": "2022/04/26/05adcb846f9b47ca88493895fbc21ccd.jpg", "pp_width": 200, "pp_height": 200, "thumbnail": "2022/04/26/fba1dbb740d2490d92a49079d6b8fcbc_thumb.jpg"}}, {"model": "auctions.userimage", "pk": 409, "fields": {"listing": 67, "image": "2022/04/26/5d9992b2763741e5928d78ddec008261.jpg", "pp_width": 200, "pp_height": 200, "thumbnail": "2022/04/26/94356b2d54a74ca3966a4d2c7a9625c7_thumb.jpg"}}, {"model": "auctions.userimage", "pk": 410, "fields": {"listing": 67, "image": "2022/04/26/673ca8ff5a424d08b3800bfb17d18ba4.jpg", "pp_width": 200, "pp_height": 200, "thumbnail": "2022/04/26/a1a67d8d8b364944bb444e7d5336db7e_thumb.jpg"}}, {"model": "auctions.userimage", "pk": 411, "fields": {"listing": 67, "image": "2022/04/26/970be8321a804992b241d6404078f986.jpg", "pp_width": 200, "pp_height": 200, "thumbnail": "2022/04/26/3db5abff001e492ea3f746b2f24acab6_thumb.jpg"}}, {"model": "auctions.userimage", "pk": 412, "fields": {"listing": 67, "image": "2022/04/26/0495178f4c5942b6a38e4bc9cb6dcca4.jpg", "pp_width": 200, "pp_height": 200, "thumbnail": "2022/04/26/b7e68e489fd34a5fadadb48cf212ff59_thumb.jpg"}}, {"model": "auctions.userimage", "pk": 413, "fields": {"listing": 67, "image": "2022/04/26/83d9428125574d2f94bf7b08f154111c.jpg", "pp_width": 200, "pp_height": 200, "thumbnail": "2022/04/26/2018f3ed4b2c4d578b8475726dfef800_thumb.jpg"}}, {"model": "auctions.userimage", "pk": 414, "fields": {"listing": 67, "image": "2022/04/26/537dfdcfcf1144a8a545cedf4312c0b2.jpg", "pp_width": 200, "pp_height": 200, "thumbnail": "2022/04/26/74bdd7d09b974c80be2ec690050b86b4_thumb.jpg"}}, {"model": "auctions.userimage", "pk": 415, "fields": {"listing": 68, "image": "2022/04/26/b4772c3e294748f7a8ade0c0c3598948.jpg", "pp_width": 200, "pp_height": 200, "thumbnail": "2022/04/26/2924875bdbbc44a693f4e5ce8e679dd8_thumb.jpg"}}, {"model": "auctions.userimage", "pk": 416, "fields": {"listing": 68, "image": "2022/04/26/bcb84b7b8022421a901ee495cb893a9f.jpg", "pp_width": 200, "pp_height": 200, "thumbnail": "2022/04/26/20b24e2a46c043abadf818934dcdaf71_thumb.jpg"}}, {"model": "auctions.userimage", "pk": 417, "fields": {"listing": 68, "image": "2022/04/26/fe9de729cb3a4d089a49e67bb3743d0e.jpg", "pp_width": 200, "pp_height": 200, "thumbnail": "2022/04/26/b545721034584db09e5cad18c8a62247_thumb.jpg"}}, {"model": "auctions.userimage", "pk": 418, "fields": {"listing": 68, "image": "2022/04/26/fe74a4c37bb74859ab8f95db4fe62b89.jpg", "pp_width": 200, "pp_height": 200, "thumbnail": "2022/04/26/2d7b3efc31974b839cf1608eec6c142b_thumb.jpg"}}, {"model": "auctions.userimage", "pk": 419, "fields": {"listing": 68, "image": "2022/04/26/7ee0132d872d42bf99e007504eddcf35.jpg", "pp_width": 200, "pp_height": 200, "thumbnail": "2022/04/26/79b3ec20fd80408c9bd1367975ca0e92_thumb.jpg"}}, {"model": "auctions.userimage", "pk": 420, "fields": {"listing": 68, "image": "2022/04/26/59c6c1f46dbe4ff180eda8e20412a8d2.jpg", "pp_width": 200, "pp_height": 200, "thumbnail": "2022/04/26/2683374b5f9045a7828329f6384b82b3_thumb.jpg"}}, {"model": "auctions.userimage", "pk": 421, "fields": {"listing": 68, "image": "2022/04/26/55341d2412b34c369a7777944bc3c0a5.jpg", "pp_width": 200, "pp_height": 200, "thumbnail": "2022/04/26/e4ead1dd475a423cae05629c01dd361c_thumb.jpg"}}, {"model": "auctions.userimage", "pk": 422, "fields": {"listing": 69, "image": "2022/04/26/1717021cd56e4f808795efbd4ae6432b.jpg", "pp_width": 200, "pp_height": 200, "thumbnail": "2022/04/26/9e03fca7a5bb4ff49aa2f85a9bed22c5_thumb.jpg"}}, {"model": "auctions.userimage", "pk": 423, "fields": {"listing": 69, "image": "2022/04/26/bc1a503bebf14b7fbb4f444cf4bd2798.jpg", "pp_width": 200, "pp_height": 200, "thumbnail": "2022/04/26/b053f1dac6ba4cff91310c93b438dbb7_thumb.jpg"}}, {"model": "auctions.userimage", "pk": 424, "fields": {"listing": 69, "image": "2022/04/26/dcc349038986418c9173a615d26cef09.jpg", "pp_width": 200, "pp_height": 200, "thumbnail": "2022/04/26/284e67baa71a426ca4754868d5fa749b_thumb.jpg"}}, {"model": "auctions.userimage", "pk": 425, "fields": {"listing": 70, "image": "2022/04/26/5fed629fb1d54f61a92128c0d4aedf95.jpg", "pp_width": 200, "pp_height": 200, "thumbnail": "2022/04/26/77975d99a59b44f39d0bc612d2fbc210_thumb.jpg"}}, {"model": "auctions.userimage", "pk": 426, "fields": {"listing": 70, "image": "2022/04/26/9c35bca908f74c7d8e2ddc64c3f46556.jpg", "pp_width": 200, "pp_height": 200, "thumbnail": "2022/04/26/2b4bd27cc1e0428698103550fb23f817_thumb.jpg"}}, {"model": "auctions.userimage", "pk": 427, "fields": {"listing": 70, "image": "2022/04/26/5bf6e5ca353f4d68bfc2262d814b2798.jpg", "pp_width": 200, "pp_height": 200, "thumbnail": "2022/04/26/bb05b108086f4726b1f852e1095ad63f_thumb.jpg"}}, {"model": "auctions.userimage", "pk": 428, "fields": {"listing": 70, "image": "2022/04/26/809fffcdeee940f3868c328f8791a525.jpg", "pp_width": 200, "pp_height": 200, "thumbnail": "2022/04/26/c563f0e351b64d12b6720f980125dd72_thumb.jpg"}}, {"model": "auctions.userimage", "pk": 429, "fields": {"listing": 70, "image": "2022/04/26/cb520a44be144d4cbeb9d8cabde36e07.jpg", "pp_width": 200, "pp_height": 200, "thumbnail": "2022/04/26/2f60cffaba4b4e41a2c55fce4508073b_thumb.jpg"}}, {"model": "auctions.userimage", "pk": 430, "fields": {"listing": 70, "image": "2022/04/26/6630dce00bca4f87855e81b856688287.jpg", "pp_width": 200, "pp_height": 200, "thumbnail": "2022/04/26/6636e2e7d7eb4bc0a08d1e1438503917_thumb.jpg"}}, {"model": "auctions.userimage", "pk": 431, "fields": {"listing": 70, "image": "2022/04/26/99826caf24924903bbf5066a80bf33e3.jpg", "pp_width": 200, "pp_height": 200, "thumbnail": "2022/04/26/4b6f3c0f7d894f61a51029077739d2f3_thumb.jpg"}}, {"model": "auctions.userimage", "pk": 432, "fields": {"listing": 70, "image": "2022/04/26/2fabe9daf7fe4799ab3c20fdaf3b49b8.jpg", "pp_width": 200, "pp_height": 200, "thumbnail": "2022/04/26/2e3f2765ac024ffe889215dda06b8203_thumb.jpg"}}, {"model": "auctions.userimage", "pk": 433, "fields": {"listing": 70, "image": "2022/04/26/9e8968f28b5e4edd999c5dd38a18871e.jpg", "pp_width": 200, "pp_height": 200, "thumbnail": "2022/04/26/92005d0478c74081bf5fcd2d8245b41b_thumb.jpg"}}, {"model": "auctions.userimage", "pk": 434, "fields": {"listing": 70, "image": "2022/04/26/d8900afc439446f88b999385140d5ee8.jpg", "pp_width": 200, "pp_height": 200, "thumbnail": "2022/04/26/324499dd46bd419e8bc5d0d41fd43e24_thumb.jpg"}}, {"model": "auctions.userimage", "pk": 435, "fields": {"listing": 71, "image": "2022/04/26/f945b17a344340c0bff21dc5c6f97f08.jpg", "pp_width": 200, "pp_height": 200, "thumbnail": "2022/04/26/446e2103ef304188a41435814192733b_thumb.jpg"}}, {"model": "auctions.userimage", "pk": 436, "fields": {"listing": 71, "image": "2022/04/26/8aa8c19da11f47279a85fc0cdb3fe9e0.jpg", "pp_width": 200, "pp_height": 200, "thumbnail": "2022/04/26/69541d6d51594a80bcbb4e43a41c5214_thumb.jpg"}}, {"model": "auctions.userimage", "pk": 437, "fields": {"listing": 71, "image": "2022/04/26/5e81decedc484262bc726e000b389648.jpg", "pp_width": 200, "pp_height": 200, "thumbnail": "2022/04/26/914625d860024fe3bf25db940b9da3f1_thumb.jpg"}}, {"model": "auctions.userimage", "pk": 438, "fields": {"listing": 71, "image": "2022/04/26/98e205aed8f94ea2a1ff283b8724670b.jpg", "pp_width": 200, "pp_height": 200, "thumbnail": "2022/04/26/5c85fbff1c524727b8ee96d62335ba07_thumb.jpg"}}, {"model": "auctions.userimage", "pk": 439, "fields": {"listing": 71, "image": "2022/04/26/a0bd347f90244947ad9dcbcf02cd2d7f.jpg", "pp_width": 200, "pp_height": 200, "thumbnail": "2022/04/26/5f643258549e474a937749a4d33ab0e1_thumb.jpg"}}, {"model": "auctions.userimage", "pk": 440, "fields": {"listing": 71, "image": "2022/04/26/6e220e460973414982d9ee769e547720.jpg", "pp_width": 200, "pp_height": 200, "thumbnail": "2022/04/26/9812a364fbdf4496850e467112eb7a95_thumb.jpg"}}, {"model": "auctions.userimage", "pk": 441, "fields": {"listing": 71, "image": "2022/04/26/1555fe82ad014417aa01c60387788fcf.jpg", "pp_width": 200, "pp_height": 200, "thumbnail": "2022/04/26/29b34ec0b3d74a149556ca7b009dc4ad_thumb.jpg"}}, {"model": "auctions.userimage", "pk": 442, "fields": {"listing": 71, "image": "2022/04/26/d0547a9c929947c1989d399ba8f46379.jpg", "pp_width": 200, "pp_height": 200, "thumbnail": "2022/04/26/1a39102441794b47877f70ffa727e300_thumb.jpg"}}, {"model": "auctions.userimage", "pk": 443, "fields": {"listing": 71, "image": "2022/04/26/64ca40375b3a4989a22168442baff75a.jpg", "pp_width": 200, "pp_height": 200, "thumbnail": "2022/04/26/4753d14e88c94dcfba9682d483daf856_thumb.jpg"}}, {"model": "auctions.userimage", "pk": 444, "fields": {"listing": 71, "image": "2022/04/26/4a512dd0e30046ec9b8b21b7be7e5b29.jpg", "pp_width": 200, "pp_height": 200, "thumbnail": "2022/04/26/e39524a711554b10a54ca58855b6e23c_thumb.jpg"}}, {"model": "auctions.userimage", "pk": 445, "fields": {"listing": 72, "image": "2022/04/26/c8b572e3852b4a55b832da5e17580aad.jpg", "pp_width": 200, "pp_height": 200, "thumbnail": "2022/04/26/38aa90bc74974415b7c060fe5d063068_thumb.jpg"}}, {"model": "auctions.userimage", "pk": 446, "fields": {"listing": 72, "image": "2022/04/26/240799687ea2451cbed8e02f7c194aed.jpg", "pp_width": 200, "pp_height": 200, "thumbnail": "2022/04/26/66b3d23adf6d494d8bb4ac727540e70a_thumb.jpg"}}, {"model": "auctions.userimage", "pk": 447, "fields": {"listing": 72, "image": "2022/04/26/1db0cdca09c44608a367e28b39c9a74c.jpg", "pp_width": 200, "pp_height": 200, "thumbnail": "2022/04/26/0baea3ea03b748b1b9d9df1822ef0ffa_thumb.jpg"}}, {"model": "auctions.userimage", "pk": 448, "fields": {"listing": 72, "image": "2022/04/26/bb8ce60e58b0454eb5ff6bc1154ef4dd.jpg", "pp_width": 200, "pp_height": 200, "thumbnail": "2022/04/26/e63fd3dc63d34844938ab03733bc2f59_thumb.jpg"}}, {"model": "auctions.userimage", "pk": 449, "fields": {"listing": 72, "image": "2022/04/26/9c407bc739904e4391f3c0f80816c031.jpg", "pp_width": 200, "pp_height": 200, "thumbnail": "2022/04/26/6a0dfc625af946aeae4d9d8027a64125_thumb.jpg"}}, {"model": "auctions.userimage", "pk": 450, "fields": {"listing": 73, "image": "2022/04/26/8a81f115d14d49da8b5bb76b3f6d7719.jpg", "pp_width": 200, "pp_height": 200, "thumbnail": "2022/04/26/6f0a3f6a127f4c22afa00b920c92f8fd_thumb.jpg"}}, {"model": "auctions.userimage", "pk": 451, "fields": {"listing": 73, "image": "2022/04/26/f3a70638c23c4d32a4e4db3b0d78dd6c.jpg", "pp_width": 200, "pp_height": 200, "thumbnail": "2022/04/26/15d6987831b44ddcac4c63ffdcb619f1_thumb.jpg"}}, {"model": "auctions.userimage", "pk": 452, "fields": {"listing": 73, "image": "2022/04/26/303cc2dc8b934f50ba3cef3ccdef17af.jpg", "pp_width": 200, "pp_height": 200, "thumbnail": "2022/04/26/db456659aa8f4e8fae34479a64897509_thumb.jpg"}}, {"model": "auctions.userimage", "pk": 453, "fields": {"listing": 73, "image": "2022/04/26/1557509707e3464fa7719b8aa90567a1.jpg", "pp_width": 200, "pp_height": 200, "thumbnail": "2022/04/26/afb4c8e079db430e851b48aeeea44841_thumb.jpg"}}, {"model": "auctions.userimage", "pk": 454, "fields": {"listing": 73, "image": "2022/04/26/a6911e3ddf4645c9aaba4c75adc502f6.jpg", "pp_width": 200, "pp_height": 200, "thumbnail": "2022/04/26/7dd570bc59c54c019ad8e0835d2ae2a3_thumb.jpg"}}, {"model": "auctions.userimage", "pk": 455, "fields": {"listing": 73, "image": "2022/04/26/fb820b785b16478a80b159e850da7d96.jpg", "pp_width": 200, "pp_height": 200, "thumbnail": "2022/04/26/b5f07e4dac974952908e8c1ac1b6c950_thumb.jpg"}}, {"model": "auctions.userimage", "pk": 456, "fields": {"listing": 73, "image": "2022/04/26/adcf3e0b9b1c4264b08522cb38d63e12.jpg", "pp_width": 200, "pp_height": 200, "thumbnail": "2022/04/26/6ade33193de440c6837e0a07cfc7e356_thumb.jpg"}}, {"model": "auctions.userimage", "pk": 457, "fields": {"listing": 73, "image": "2022/04/26/fd1a99c112c147bcabda9d6fc9602874.jpg", "pp_width": 200, "pp_height": 200, "thumbnail": "2022/04/26/92486a85f5064ebc97b91a2aa0d2ddd7_thumb.jpg"}}, {"model": "auctions.userimage", "pk": 458, "fields": {"listing": 74, "image": "2022/04/26/4eb5d3cc8f5b4324a554d38b42c13f36.jpg", "pp_width": 200, "pp_height": 200, "thumbnail": "2022/04/26/9eba8823dffa4307abe33e30c9d91349_thumb.jpg"}}, {"model": "auctions.userimage", "pk": 459, "fields": {"listing": 74, "image": "2022/04/26/6e3f111d15c74f109695370cc55a065d.jpg", "pp_width": 200, "pp_height": 200, "thumbnail": "2022/04/26/d7d35e1bde4b4f46a3f25d8fe1a17b81_thumb.jpg"}}, {"model": "auctions.userimage", "pk": 460, "fields": {"listing": 74, "image": "2022/04/26/0d9762d186c94115beccfd4579eba383.jpg", "pp_width": 200, "pp_height": 200, "thumbnail": "2022/04/26/e9d1d7e93ea44956b1cfd3ebad82d045_thumb.jpg"}}, {"model": "auctions.userimage", "pk": 461, "fields": {"listing": 74, "image": "2022/04/26/47eafe0bd6da42ffa1048452a21c7be4.jpg", "pp_width": 200, "pp_height": 200, "thumbnail": "2022/04/26/15ee6a3f18a640229ac53e61a02ef089_thumb.jpg"}}, {"model": "auctions.userimage", "pk": 462, "fields": {"listing": 74, "image": "2022/04/26/38dca54c773b467d96301b038315ce6d.jpg", "pp_width": 200, "pp_height": 200, "thumbnail": "2022/04/26/f7a582bd9c384661867eb4ca905411d8_thumb.jpg"}}, {"model": "auctions.userimage", "pk": 463, "fields": {"listing": 74, "image": "2022/04/26/e39f1825e36444bc882ce8d103e85cc2.jpg", "pp_width": 200, "pp_height": 200, "thumbnail": "2022/04/26/83b33b64d64a4ea9b79170ecdec2e87f_thumb.jpg"}}, {"model": "auctions.userimage", "pk": 464, "fields": {"listing": 74, "image": "2022/04/26/2a33b4294ae24f9dbb2bbcc3cff1bec1.jpg", "pp_width": 200, "pp_height": 200, "thumbnail": "2022/04/26/b024c9b674974ef091f843212711a53e_thumb.jpg"}}, {"model": "auctions.userimage", "pk": 465, "fields": {"listing": 74, "image": "2022/04/26/a0a97f05eaa14ed8803a7c34c6050512.jpg", "pp_width": 200, "pp_height": 200, "thumbnail": "2022/04/26/a9dc8540037742bb9fa936f15d0632eb_thumb.jpg"}}, {"model": "auctions.userimage", "pk": 466, "fields": {"listing": 74, "image": "2022/04/26/4694fdd6b32146808bc0eb247cf275f4.jpg", "pp_width": 200, "pp_height": 200, "thumbnail": "2022/04/26/0a08b80bd40b4f939e3c1c9e2c4adab1_thumb.jpg"}}, {"model": "auctions.userimage", "pk": 467, "fields": {"listing": 75, "image": "2022/04/26/e1e86a0b6cdc4e48acf00fb30d91adad.jpg", "pp_width": 200, "pp_height": 200, "thumbnail": "2022/04/26/47627bce67d9445791db5c6dbd78c1d4_thumb.jpg"}}, {"model": "auctions.userimage", "pk": 468, "fields": {"listing": 75, "image": "2022/04/26/a550530c49404adcba6937f8e56e60d4.jpg", "pp_width": 200, "pp_height": 200, "thumbnail": "2022/04/26/b9a88f70187347bda677ed04b8f732e2_thumb.jpg"}}, {"model": "auctions.userimage", "pk": 469, "fields": {"listing": 75, "image": "2022/04/26/be30ee79d3974a27a9335d2b34764f0c.jpg", "pp_width": 200, "pp_height": 200, "thumbnail": "2022/04/26/50f07dba700448d7834f793a7bd7ffbc_thumb.jpg"}}, {"model": "auctions.userimage", "pk": 470, "fields": {"listing": 75, "image": "2022/04/26/0e249dbc0f2b4dcda79ccb9d6637a607.jpg", "pp_width": 200, "pp_height": 200, "thumbnail": "2022/04/26/4eb8d5977f314e6bbc5adc151953fad0_thumb.jpg"}}, {"model": "auctions.userimage", "pk": 471, "fields": {"listing": 76, "image": "2022/04/26/d5084534d14145219f3512086ab06b7e.jpg", "pp_width": 200, "pp_height": 200, "thumbnail": "2022/04/26/ecefea05297b44d4aaf9a2312fe47698_thumb.jpg"}}, {"model": "auctions.userimage", "pk": 472, "fields": {"listing": 76, "image": "2022/04/26/5df6896ff4cd4245bff702c485ec0320.jpg", "pp_width": 200, "pp_height": 200, "thumbnail": "2022/04/26/5e056bce9fb74603a4393e3602652003_thumb.jpg"}}, {"model": "auctions.userimage", "pk": 473, "fields": {"listing": 76, "image": "2022/04/26/584931cde0ca499b96c0a3891766b2cf.jpg", "pp_width": 200, "pp_height": 200, "thumbnail": "2022/04/26/72f45b2a14da4dd4a37870b4fb46f390_thumb.jpg"}}, {"model": "auctions.userimage", "pk": 474, "fields": {"listing": 76, "image": "2022/04/26/82dc1d3bd7e9425284362762cd8f8b78.jpg", "pp_width": 200, "pp_height": 200, "thumbnail": "2022/04/26/1ac1a75404b244d2b407f8f7a56ef3da_thumb.jpg"}}, {"model": "auctions.userimage", "pk": 475, "fields": {"listing": 76, "image": "2022/04/26/5a1002fb406c419a9fcb5fb4c15362be.jpg", "pp_width": 200, "pp_height": 200, "thumbnail": "2022/04/26/1c003bda26bc49818be97f200200604e_thumb.jpg"}}, {"model": "auctions.userimage", "pk": 476, "fields": {"listing": 76, "image": "2022/04/26/ee279097172045b58203e71287d12089.jpg", "pp_width": 200, "pp_height": 200, "thumbnail": "2022/04/26/2b837441b536423cac95b4cb2c8dab07_thumb.jpg"}}, {"model": "auctions.userimage", "pk": 477, "fields": {"listing": 76, "image": "2022/04/26/5ba4a589d25d47e083b796f678a5d970.jpg", "pp_width": 200, "pp_height": 200, "thumbnail": "2022/04/26/7096c919ff494ca2beab8f35324cb415_thumb.jpg"}}, {"model": "auctions.userimage", "pk": 478, "fields": {"listing": 77, "image": "2022/04/26/1e776e270a6e42c2a4d9d021569ee88e.jpg", "pp_width": 200, "pp_height": 200, "thumbnail": "2022/04/26/d310a5802b4749ecb1fe05b09716dec3_thumb.jpg"}}, {"model": "auctions.userimage", "pk": 479, "fields": {"listing": 77, "image": "2022/04/26/4d0bef1ff0424ce095627444892ed9c7.jpg", "pp_width": 200, "pp_height": 200, "thumbnail": "2022/04/26/1cd9d64c27c046f7b9eb5faff5410975_thumb.jpg"}}, {"model": "auctions.userimage", "pk": 480, "fields": {"listing": 77, "image": "2022/04/26/0038d032fcc2403d8425f5bf657c7147.jpg", "pp_width": 200, "pp_height": 200, "thumbnail": "2022/04/26/6966be52a77449249148ea9607dae966_thumb.jpg"}}, {"model": "auctions.userimage", "pk": 481, "fields": {"listing": 77, "image": "2022/04/26/51e97726239e496d9bdc6249afbdc5cd.jpg", "pp_width": 200, "pp_height": 200, "thumbnail": "2022/04/26/b9cb69437f2f443ca3742cef57d8c730_thumb.jpg"}}, {"model": "auctions.userimage", "pk": 482, "fields": {"listing": 77, "image": "2022/04/26/94ea21b60c9344579c6c52d28bab74c2.jpg", "pp_width": 200, "pp_height": 200, "thumbnail": "2022/04/26/5dadb7af7ec74c07b58c9e0b6ab980af_thumb.jpg"}}, {"model": "auctions.userimage", "pk": 483, "fields": {"listing": 78, "image": "2022/04/26/0c1e1ac3bbb548bda20dab00065faa40.jpg", "pp_width": 200, "pp_height": 200, "thumbnail": "2022/04/26/399c73ec4a364fbab250df20cbb42b31_thumb.jpg"}}, {"model": "auctions.userimage", "pk": 484, "fields": {"listing": 78, "image": "2022/04/26/e8d2c2cf69254f259f573a8f14972859.jpg", "pp_width": 200, "pp_height": 200, "thumbnail": "2022/04/26/f22a0b635e4740d5929ab7a7a354fdab_thumb.jpg"}}, {"model": "auctions.userimage", "pk": 485, "fields": {"listing": 78, "image": "2022/04/26/7bd1b4a3a2154f48a05481bf6005dd1c.jpg", "pp_width": 200, "pp_height": 200, "thumbnail": "2022/04/26/a246900d0542473ebd8460f21011efa2_thumb.jpg"}}, {"model": "auctions.userimage", "pk": 486, "fields": {"listing": 79, "image": "2022/04/26/6271357251ce4281b3ef57283921112a.jpg", "pp_width": 200, "pp_height": 200, "thumbnail": "2022/04/26/02eb09aecbdf4a28a61f85598cec210f_thumb.jpg"}}, {"model": "auctions.userimage", "pk": 487, "fields": {"listing": 79, "image": "2022/04/26/05d78d7165974a629a6c517939f2e26f.jpg", "pp_width": 200, "pp_height": 200, "thumbnail": "2022/04/26/bb70222ba3eb4a0b8bbc2880e2ed3929_thumb.jpg"}}, {"model": "auctions.userimage", "pk": 488, "fields": {"listing": 79, "image": "2022/04/26/3f41dc85c63644389c2bcd5832a66766.jpg", "pp_width": 200, "pp_height": 200, "thumbnail": "2022/04/26/132db6f9458f4344b2c52ac6fa7767d1_thumb.jpg"}}, {"model": "auctions.userimage", "pk": 489, "fields": {"listing": 79, "image": "2022/04/26/edced0487a8f4022afd48820833a21e0.jpg", "pp_width": 200, "pp_height": 200, "thumbnail": "2022/04/26/0d9f523116e3492bbaa8e6038163eeee_thumb.jpg"}}, {"model": "auctions.userimage", "pk": 490, "fields": {"listing": 79, "image": "2022/04/26/d0fd439059164b199796eb7678a649fc.jpg", "pp_width": 200, "pp_height": 200, "thumbnail": "2022/04/26/6973dfe417214d5cb14610de9b0528aa_thumb.jpg"}}, {"model": "auctions.userimage", "pk": 491, "fields": {"listing": 79, "image": "2022/04/26/06434d0f91d548248fbe511f20396292.jpg", "pp_width": 200, "pp_height": 200, "thumbnail": "2022/04/26/5ee41217d6694acdbb58b21d5635215f_thumb.jpg"}}, {"model": "auctions.userimage", "pk": 492, "fields": {"listing": 79, "image": "2022/04/26/47bd45e5911c4d979a5915503e08a164.jpg", "pp_width": 200, "pp_height": 200, "thumbnail": "2022/04/26/7794d72d96df4f6db0fc9734cbbfb492_thumb.jpg"}}, {"model": "auctions.userimage", "pk": 493, "fields": {"listing": 79, "image": "2022/04/26/3e2849eaf39342aa8f5ea18655bde85a.jpg", "pp_width": 200, "pp_height": 200, "thumbnail": "2022/04/26/850a7855d05345d8be5beb8dc442a7f1_thumb.jpg"}}, {"model": "auctions.userimage", "pk": 494, "fields": {"listing": 79, "image": "2022/04/26/df751e076fad4bceab6942cbc5315c3c.jpg", "pp_width": 200, "pp_height": 200, "thumbnail": "2022/04/26/644bed02fb474896a40e940a387425b5_thumb.jpg"}}, {"model": "auctions.userimage", "pk": 495, "fields": {"listing": 79, "image": "2022/04/26/e089510b405647be8d1f94ae8708b880.jpg", "pp_width": 200, "pp_height": 200, "thumbnail": "2022/04/26/bc4bb995b87c4974aa83e44fb123d0d8_thumb.jpg"}}, {"model": "auctions.userimage", "pk": 496, "fields": {"listing": 80, "image": "2022/04/26/6c930ad34d324a7997f5b983b33f0816.jpg", "pp_width": 200, "pp_height": 200, "thumbnail": "2022/04/26/e3f2b4cf428e4a3f976bb579c5bf3217_thumb.jpg"}}, {"model": "auctions.userimage", "pk": 497, "fields": {"listing": 80, "image": "2022/04/26/0f94aa86283042a7a4a3357c73a62520.jpg", "pp_width": 200, "pp_height": 200, "thumbnail": "2022/04/26/574e85861928462e85f86971cd0148e8_thumb.jpg"}}, {"model": "auctions.userimage", "pk": 498, "fields": {"listing": 80, "image": "2022/04/26/8cbd598578854e70b015351019e4e13f.jpg", "pp_width": 200, "pp_height": 200, "thumbnail": "2022/04/26/159025d09fb044a4872d7071a518726c_thumb.jpg"}}, {"model": "auctions.userimage", "pk": 499, "fields": {"listing": 80, "image": "2022/04/26/275f06c9043544dc8e557719a37cc45e.jpg", "pp_width": 200, "pp_height": 200, "thumbnail": "2022/04/26/d4bd804d2f154ef9b78f14bd0845b4fd_thumb.jpg"}}, {"model": "auctions.userimage", "pk": 500, "fields": {"listing": 80, "image": "2022/04/26/4761972a965243228d9bb7e43a94363f.jpg", "pp_width": 200, "pp_height": 200, "thumbnail": "2022/04/26/4897a5144661480e993152ceff393aaf_thumb.jpg"}}, {"model": "auctions.userimage", "pk": 501, "fields": {"listing": 80, "image": "2022/04/26/ecdd82465331415386ad2128cd23a50f.jpg", "pp_width": 200, "pp_height": 200, "thumbnail": "2022/04/26/e6dc39c1d7574b5aa4b997f809ce701f_thumb.jpg"}}, {"model": "auctions.userimage", "pk": 502, "fields": {"listing": 80, "image": "2022/04/26/726f3d82a0954598a6440207999a0ce0.jpg", "pp_width": 200, "pp_height": 200, "thumbnail": "2022/04/26/06e2dc6225f64e81999944daa563ea51_thumb.jpg"}}, {"model": "auctions.userimage", "pk": 503, "fields": {"listing": 80, "image": "2022/04/26/dd293629092a416ba1a3c33682fa27a7.jpg", "pp_width": 200, "pp_height": 200, "thumbnail": "2022/04/26/1e4579a2ae9240a787fca6d7a912b33c_thumb.jpg"}}, {"model": "auctions.userimage", "pk": 504, "fields": {"listing": 80, "image": "2022/04/26/6c5f81ce65bf4f008cd373b20b85eff8.jpg", "pp_width": 200, "pp_height": 200, "thumbnail": "2022/04/26/579e760fea3c485796cb3b91c55275e8_thumb.jpg"}}, {"model": "auctions.userimage", "pk": 505, "fields": {"listing": 80, "image": "2022/04/26/0004a314db264afeb6af5d68d248be87.jpg", "pp_width": 200, "pp_height": 200, "thumbnail": "2022/04/26/0a5a22badaa248bdb6a5a2f2c1aebcb1_thumb.jpg"}}, {"model": "auctions.userimage", "pk": 506, "fields": {"listing": 81, "image": "2022/04/26/cd6503ee4a7e471bbe6ecd06e25a34dd.jpg", "pp_width": 200, "pp_height": 200, "thumbnail": "2022/04/26/f4b5d46fa18a42d5b630a6bd2da5f8b4_thumb.jpg"}}, {"model": "auctions.userimage", "pk": 507, "fields": {"listing": 81, "image": "2022/04/26/ab87b7d8e1e44e15930961525325c6b5.jpg", "pp_width": 200, "pp_height": 200, "thumbnail": "2022/04/26/8e3e53c35d8b445f9cf3dcb8a959f3dc_thumb.jpg"}}, {"model": "auctions.userimage", "pk": 508, "fields": {"listing": 81, "image": "2022/04/26/4326ee79096a49628f02dbd81d0d641b.jpg", "pp_width": 200, "pp_height": 200, "thumbnail": "2022/04/26/58770a3324ae444e8805a6ccffc90876_thumb.jpg"}}, {"model": "auctions.userimage", "pk": 509, "fields": {"listing": 82, "image": "2022/04/26/d755e5ab274442cfa3ced24fd4d89dd2.jpg", "pp_width": 200, "pp_height": 200, "thumbnail": "2022/04/26/61152fa77d0e4287b03a2889959f2847_thumb.jpg"}}, {"model": "auctions.userimage", "pk": 510, "fields": {"listing": 82, "image": "2022/04/26/bb5f8c92e4e049fdbde6372ba285cd5a.jpg", "pp_width": 200, "pp_height": 200, "thumbnail": "2022/04/26/77db66c7572147d2bf472900ff5c351b_thumb.jpg"}}, {"model": "auctions.userimage", "pk": 511, "fields": {"listing": 82, "image": "2022/04/26/35cc971b3272494ba3d285a9ddce9b2b.jpg", "pp_width": 200, "pp_height": 200, "thumbnail": "2022/04/26/44da8662bd44442c9359505cc2586618_thumb.jpg"}}, {"model": "auctions.userimage", "pk": 512, "fields": {"listing": 83, "image": "2022/04/26/3ff0a4a3226e4a868d6ceaf3545eccfd.jpg", "pp_width": 200, "pp_height": 200, "thumbnail": "2022/04/26/7f13435964dc4e649a4a427f7f98af1b_thumb.jpg"}}, {"model": "auctions.userimage", "pk": 513, "fields": {"listing": 83, "image": "2022/04/26/ddd5a739dd7541158b4e5ae06453b686.jpg", "pp_width": 200, "pp_height": 200, "thumbnail": "2022/04/26/7c67dc010a74493eb77b7e2e7d1974e9_thumb.jpg"}}, {"model": "auctions.userimage", "pk": 514, "fields": {"listing": 83, "image": "2022/04/26/92eb4b5f9950423e972c2e86aae06a88.jpg", "pp_width": 200, "pp_height": 200, "thumbnail": "2022/04/26/d1f9e749c1244431a17cea2d7aaaf23e_thumb.jpg"}}, {"model": "auctions.userimage", "pk": 515, "fields": {"listing": 83, "image": "2022/04/26/70c305f6866243b897be3b23db3c12e8.jpg", "pp_width": 200, "pp_height": 200, "thumbnail": "2022/04/26/e3577913d410465d9549baedc87f6969_thumb.jpg"}}, {"model": "auctions.userimage", "pk": 516, "fields": {"listing": 83, "image": "2022/04/26/e31a0a1d1e854c279ff709b4c80ba350.jpg", "pp_width": 200, "pp_height": 200, "thumbnail": "2022/04/26/cb7eb115d9fc4da6afe63e9e7869ae66_thumb.jpg"}}, {"model": "auctions.userimage", "pk": 517, "fields": {"listing": 83, "image": "2022/04/26/5d3aa6b75f944fd182b0bd699b0bc26b.jpg", "pp_width": 200, "pp_height": 200, "thumbnail": "2022/04/26/46cd75d1e0b24f70bc378265efd6273c_thumb.jpg"}}, {"model": "auctions.userimage", "pk": 518, "fields": {"listing": 84, "image": "2022/04/26/ebf81958e561485c9364c0fb841d98f4.jpg", "pp_width": 200, "pp_height": 200, "thumbnail": "2022/04/26/86bfac17092141cb9d5f27ef3921708d_thumb.jpg"}}, {"model": "auctions.userimage", "pk": 519, "fields": {"listing": 84, "image": "2022/04/26/70df4ae0f869443499e867dddb93342b.jpg", "pp_width": 200, "pp_height": 200, "thumbnail": "2022/04/26/fca6af0f0b124b4c86f58167182b93a8_thumb.jpg"}}, {"model": "auctions.userimage", "pk": 520, "fields": {"listing": 84, "image": "2022/04/26/0fcaf51f327945a0854fa066d4f7cfeb.jpg", "pp_width": 200, "pp_height": 200, "thumbnail": "2022/04/26/206a9fecf08f4301997f8c2a70ae81e1_thumb.jpg"}}, {"model": "auctions.userimage", "pk": 521, "fields": {"listing": 84, "image": "2022/04/26/3e174075f1a1419888175118385702ab.jpg", "pp_width": 200, "pp_height": 200, "thumbnail": "2022/04/26/92be16f5d385424299ad022c10f49c3f_thumb.jpg"}}, {"model": "auctions.userimage", "pk": 522, "fields": {"listing": 84, "image": "2022/04/26/c9ba51a2664b41a5bc796321c891474c.jpg", "pp_width": 200, "pp_height": 200, "thumbnail": "2022/04/26/abcfa4d4d9e94675ad628c0ff1e23051_thumb.jpg"}}, {"model": "auctions.userimage", "pk": 523, "fields": {"listing": 84, "image": "2022/04/26/65a912d2d9714b9794898b1d147b2ca2.jpg", "pp_width": 200, "pp_height": 200, "thumbnail": "2022/04/26/143028bdf0154ff6983360a964f2ffbf_thumb.jpg"}}, {"model": "auctions.userimage", "pk": 524, "fields": {"listing": null, "image": "2022/04/27/c2c13d0793ad4a06a76abb5d127e58ce.jpg", "pp_width": 200, "pp_height": 200, "thumbnail": "2022/04/27/ce7396325f654e2c92a6a44948c24e9f_thumb.jpg"}}, {"model": "auctions.userimage", "pk": 525, "fields": {"listing": null, "image": "2022/04/27/70862d6123294865ab51e85ee6f279fc.jpg", "pp_width": 200, "pp_height": 200, "thumbnail": "2022/04/27/ddd2a67b11194bd8978e76bb57ba3f10_thumb.jpg"}}, {"model": "auctions.userimage", "pk": 526, "fields": {"listing": null, "image": "2022/04/27/c4e04f15148d45458373fbd1695fff14.jpg", "pp_width": 200, "pp_height": 200, "thumbnail": "2022/04/27/c00cffe4e4f84c1196504d769e17315e_thumb.jpg"}}, {"model": "auctions.userimage", "pk": 527, "fields": {"listing": null, "image": "2022/04/27/e73ebaf492c9414cbad3242eafee658f.jpg", "pp_width": 200, "pp_height": 200, "thumbnail": "2022/04/27/240f9e6565b147d59b923f046cd19ac1_thumb.jpg"}}, {"model": "auctions.userimage", "pk": 528, "fields": {"listing": null, "image": "2022/04/27/1a9893b8cbe4487fb59ec072b696dd56.jpg", "pp_width": 200, "pp_height": 200, "thumbnail": "2022/04/27/83df38c809eb4fcb816fe08eb5873190_thumb.jpg"}}, {"model": "auctions.userimage", "pk": 529, "fields": {"listing": null, "image": "2022/04/27/db56f50e23d14cf8bc8b52cbc853882f.jpg", "pp_width": 200, "pp_height": 200, "thumbnail": "2022/04/27/3f4713ce8ce146d89bff84b000a2cf86_thumb.jpg"}}, {"model": "auctions.userimage", "pk": 530, "fields": {"listing": null, "image": "2022/04/27/edb3f47f04204397a608b07fee303b3d.jpg", "pp_width": 200, "pp_height": 200, "thumbnail": "2022/04/27/9693b7bb6fe6422c9f2cfc3ad95444c9_thumb.jpg"}}, {"model": "auctions.userimage", "pk": 531, "fields": {"listing": null, "image": "2022/04/27/pup_avatar.png", "pp_width": 301, "pp_height": 303, "thumbnail": "2022/04/27/5770f44785ec4b2f880d88da2c63fe39_thumb.jpg"}}, {"model": "auctions.userimage", "pk": 533, "fields": {"listing": null, "image": "2022/04/27/pup_avatar_4Rhp8T3.png", "pp_width": 301, "pp_height": 303, "thumbnail": "2022/04/27/66700741d0194034b9d3d7db95eca981_thumb.jpg"}}, {"model": "auctions.userimage", "pk": 534, "fields": {"listing": null, "image": "2022/04/27/pup_avatar_fHI4tP5.png", "pp_width": 301, "pp_height": 303, "thumbnail": "2022/04/27/0fec28c22a9c41da89407d61caad7d17_thumb.jpg"}}, {"model": "auctions.userimage", "pk": 535, "fields": {"listing": null, "image": "2022/04/27/pride_photo.png", "pp_width": 1152, "pp_height": 1178, "thumbnail": "2022/04/27/450963f9bbb4414eb971e575ab72e666_thumb.jpg"}}, {"model": "auctions.userimage", "pk": 536, "fields": {"listing": null, "image": "2022/04/27/pup_avatar_3i1hW3z.png", "pp_width": 301, "pp_height": 303, "thumbnail": "2022/04/27/c2a0c07f31374b50855862adb9b747eb_thumb.jpg"}}, {"model": "auctions.userimage", "pk": 537, "fields": {"listing": null, "image": "2022/04/27/pride_photo_PuD3gEz.png", "pp_width": 1152, "pp_height": 1178, "thumbnail": "2022/04/27/4a0224f121b240dea920871d4f17200e_thumb.jpg"}}, {"model": "auctions.userimage", "pk": 538, "fields": {"listing": null, "image": "2022/04/27/pup_avatar_lo8ZXq0.png", "pp_width": 301, "pp_height": 303, "thumbnail": "2022/04/27/40daae51bf4641508358b12e73382e01_thumb.jpg"}}, {"model": "auctions.userimage", "pk": 539, "fields": {"listing": null, "image": "2022/04/27/tumblr_723225a9e9212b2f209c360f2d16a799_9a938a6b_1280.jpg", "pp_width": 957, "pp_height": 1066, "thumbnail": "2022/04/27/de5ba9b099cf49c6b8cb6c75461bee87_thumb.jpg"}}, {"model": "auctions.userimage", "pk": 540, "fields": {"listing": null, "image": "2022/04/27/Untitled.png", "pp_width": 505, "pp_height": 170, "thumbnail": "2022/04/27/eabe2b18072e48868a2f4d4f2d545922_thumb.jpg"}}, {"model": "auctions.userimage", "pk": 541, "fields": {"listing": null, "image": "2022/04/27/pride_photo_ZSHn2vZ.png", "pp_width": 1152, "pp_height": 1178, "thumbnail": "2022/04/27/1580038209154b7889e41beeb5abb002_thumb.jpg"}}, {"model": "auctions.userimage", "pk": 542, "fields": {"listing": null, "image": "2022/04/27/pup_avatar_u4FfzVB.png", "pp_width": 301, "pp_height": 303, "thumbnail": "2022/04/27/2ffebe46ecf44b67b7f301ccff21235b_thumb.jpg"}}, {"model": "auctions.userimage", "pk": 543, "fields": {"listing": null, "image": "2022/04/27/tumblr_723225a9e9212b2f209c360f2d16a799_9a938a6b_1280_T6rxv2w.jpg", "pp_width": 957, "pp_height": 1066, "thumbnail": "2022/04/27/1348bf0ea58c4e09a8c20076693d3ecf_thumb.jpg"}}, {"model": "auctions.userimage", "pk": 544, "fields": {"listing": null, "image": "2022/04/27/Untitled_t2NsfJY.png", "pp_width": 505, "pp_height": 170, "thumbnail": "2022/04/27/ba7b0f1697b34461bf046dce535695c9_thumb.jpg"}}, {"model": "auctions.userimage", "pk": 545, "fields": {"listing": null, "image": "2022/04/27/pride_photo_WCRM9BZ.png", "pp_width": 1152, "pp_height": 1178, "thumbnail": "2022/04/27/76f18681fa6e49ef90d5fca9490276a1_thumb.jpg"}}, {"model": "auctions.userimage", "pk": 546, "fields": {"listing": null, "image": "2022/04/27/pup_avatar_Zog8hTe.png", "pp_width": 301, "pp_height": 303, "thumbnail": "2022/04/27/88d0e98e4eba448e949258b67b5a199e_thumb.jpg"}}, {"model": "auctions.userimage", "pk": 547, "fields": {"listing": null, "image": "2022/04/27/tumblr_723225a9e9212b2f209c360f2d16a799_9a938a6b_1280_Q6dRhYK.jpg", "pp_width": 957, "pp_height": 1066, "thumbnail": "2022/04/27/8ffb2e8038464fc0a7208a84175dc0bd_thumb.jpg"}}, {"model": "auctions.userimage", "pk": 548, "fields": {"listing": null, "image": "2022/04/27/Untitled_CqaMMZa.png", "pp_width": 505, "pp_height": 170, "thumbnail": "2022/04/27/3823284e54ed4c3db84381008fbbf32a_thumb.jpg"}}, {"model": "auctions.userimage", "pk": 549, "fields": {"listing": null, "image": "2022/04/27/pride_photo_RgBB4sk.png", "pp_width": 1152, "pp_height": 1178, "thumbnail": "2022/04/27/166bcc5c118249faa88d41fcc64e8e68_thumb.jpg"}}, {"model": "auctions.userimage", "pk": 550, "fields": {"listing": null, "image": "2022/04/27/pup_avatar_PYymwJO.png", "pp_width": 301, "pp_height": 303, "thumbnail": "2022/04/27/fe1c15663d794259bfe57db4cd168138_thumb.jpg"}}, {"model": "auctions.userimage", "pk": 551, "fields": {"listing": null, "image": "2022/04/27/tumblr_723225a9e9212b2f209c360f2d16a799_9a938a6b_1280_MZJJZCH.jpg", "pp_width": 957, "pp_height": 1066, "thumbnail": "2022/04/27/9851c9a1631042b19fd10f2092480f81_thumb.jpg"}}, {"model": "auctions.userimage", "pk": 552, "fields": {"listing": null, "image": "2022/04/27/Untitled_Jjgz3Os.png", "pp_width": 505, "pp_height": 170, "thumbnail": "2022/04/27/1c13f236d76a479292b2d309bcbb3228_thumb.jpg"}}, {"model": "auctions.userimage", "pk": 553, "fields": {"listing": null, "image": "2022/04/27/pride_photo_e4HeURQ.png", "pp_width": 1152, "pp_height": 1178, "thumbnail": "2022/04/27/709773ec1b884a1da45f4a2bbaad2b9e_thumb.jpg"}}, {"model": "auctions.userimage", "pk": 554, "fields": {"listing": null, "image": "2022/04/27/pup_avatar_a8cItGe.png", "pp_width": 301, "pp_height": 303, "thumbnail": "2022/04/27/7bea89aa70774252996a81cd1ab71cbb_thumb.jpg"}}, {"model": "auctions.userimage", "pk": 555, "fields": {"listing": null, "image": "2022/04/27/tumblr_723225a9e9212b2f209c360f2d16a799_9a938a6b_1280_1WQiC1L.jpg", "pp_width": 957, "pp_height": 1066, "thumbnail": "2022/04/27/1de2600f005449f4bf2da07d56c101b4_thumb.jpg"}}, {"model": "auctions.userimage", "pk": 556, "fields": {"listing": null, "image": "2022/04/27/Untitled_0TGIFQX.png", "pp_width": 505, "pp_height": 170, "thumbnail": "2022/04/27/9084f66ae3f14a99a13e90fbd4088059_thumb.jpg"}}, {"model": "auctions.userimage", "pk": 557, "fields": {"listing": null, "image": "2022/04/27/f75a8dd5241141df9bfe77100311c08f.jpg", "pp_width": 200, "pp_height": 200, "thumbnail": "2022/04/27/2a26eb9f3e4642ea9c38dc4f68fb7037_thumb.jpg"}}, {"model": "auctions.userimage", "pk": 558, "fields": {"listing": null, "image": "2022/04/27/7d080ef44b8f4426bc60dce687eb66b3.jpg", "pp_width": 200, "pp_height": 200, "thumbnail": "2022/04/27/40465501f02b47398bff98e0c5ab4cfd_thumb.jpg"}}, {"model": "auctions.userimage", "pk": 559, "fields": {"listing": null, "image": "2022/04/27/e2d5a875344d437b9e108b7997d2e51a.jpg", "pp_width": 200, "pp_height": 200, "thumbnail": "2022/04/27/98221e50d8fb4d5ab9e0be2888b20a3a_thumb.jpg"}}, {"model": "auctions.userimage", "pk": 560, "fields": {"listing": 85, "image": "2022/04/27/4cab357a08bf44e1a54c6a94a7976e7c.jpg", "pp_width": 200, "pp_height": 200, "thumbnail": "2022/04/27/17fb0ad5cedf4c2ca25c9804cd81b32c_thumb.jpg"}}, {"model": "auctions.userimage", "pk": 561, "fields": {"listing": 85, "image": "2022/04/27/4be612ecf6f344c980380554292fb3f9.jpg", "pp_width": 200, "pp_height": 200, "thumbnail": "2022/04/27/55a803bedd14439bbdd5497b1fb06286_thumb.jpg"}}, {"model": "auctions.userimage", "pk": 562, "fields": {"listing": 85, "image": "2022/04/27/c2b1334a73bd4e6692694f37f240d1f4.jpg", "pp_width": 200, "pp_height": 200, "thumbnail": "2022/04/27/e3aeff3d69bd42cfb32054fbb7bbbd0b_thumb.jpg"}}, {"model": "auctions.userimage", "pk": 563, "fields": {"listing": 85, "image": "2022/04/27/8b0705001c3541608aba525a95dd60a3.jpg", "pp_width": 200, "pp_height": 200, "thumbnail": "2022/04/27/bca02a2083b041479622267a9ab05e86_thumb.jpg"}}, {"model": "auctions.userimage", "pk": 564, "fields": {"listing": 85, "image": "2022/04/27/d44070f4fb384643a504b175ba86153e.jpg", "pp_width": 200, "pp_height": 200, "thumbnail": "2022/04/27/956370a134a849d4bc5627a3784c0aa2_thumb.jpg"}}, {"model": "auctions.userimage", "pk": 565, "fields": {"listing": null, "image": "2022/04/27/pup_avatar_BpAqf7p.png", "pp_width": 301, "pp_height": 303, "thumbnail": "2022/04/27/71a500b7836546f0ae5a9b6ca1b113d1_thumb.jpg"}}, {"model": "auctions.userimage", "pk": 566, "fields": {"listing": null, "image": "2022/04/27/pride_photo_AdjW6JT.png", "pp_width": 1152, "pp_height": 1178, "thumbnail": "2022/04/27/b79f4fdf3b8249c4b1ad06377897e468_thumb.jpg"}}, {"model": "auctions.userimage", "pk": 567, "fields": {"listing": null, "image": "2022/04/27/pup_avatar_0bYRKyh.png", "pp_width": 301, "pp_height": 303, "thumbnail": "2022/04/27/a6190ab1693047ab8968326713581064_thumb.jpg"}}, {"model": "auctions.userimage", "pk": 568, "fields": {"listing": null, "image": "2022/04/28/3b58babbf0774ee09e4fd69643b39794.jpg", "pp_width": 200, "pp_height": 200, "thumbnail": "2022/04/28/c831db68719642d69ce5ebaa0b806a54_thumb.jpg"}}, {"model": "auctions.userimage", "pk": 569, "fields": {"listing": 86, "image": "2022/04/28/932f8fc7252c4b2ab53a895156dbf260.jpg", "pp_width": 200, "pp_height": 200, "thumbnail": "2022/04/28/abee7736d4f1483eb90c7de253198648_thumb.jpg"}}, {"model": "auctions.userimage", "pk": 570, "fields": {"listing": 86, "image": "2022/04/28/6253b1635f7a4695a7e41842e752e83c.jpg", "pp_width": 200, "pp_height": 200, "thumbnail": "2022/04/28/e6e7a009f22c43418203bd4a621d0edf_thumb.jpg"}}, {"model": "admin.logentry", "pk": 1, "fields": {"action_time": "2022-04-20T17:19:54.650Z", "user": 1, "content_type": 2, "object_id": "1", "object_repr": "Category: Artifact: benevolent", "action_flag": 1, "change_message": "[{\"added\": {}}]"}}, {"model": "admin.logentry", "pk": 2, "fields": {"action_time": "2022-04-20T17:19:59.543Z", "user": 1, "content_type": 2, "object_id": "2", "object_repr": "Category: Artifact: evil", "action_flag": 1, "change_message": "[{\"added\": {}}]"}}, {"model": "admin.logentry", "pk": 3, "fields": {"action_time": "2022-04-20T17:20:22.852Z", "user": 1, "content_type": 2, "object_id": "3", "object_repr": "Category: Hat, bicycle, and so forth", "action_flag": 1, "change_message": "[{\"added\": {}}]"}}, {"model": "admin.logentry", "pk": 4, "fields": {"action_time": "2022-04-20T17:21:05.672Z", "user": 1, "content_type": 2, "object_id": "4", "object_repr": "Category: Creature: yellow, large", "action_flag": 1, "change_message": "[{\"added\": {}}]"}}, {"model": "admin.logentry", "pk": 5, "fields": {"action_time": "2022-04-20T17:21:16.571Z", "user": 1, "content_type": 2, "object_id": "5", "object_repr": "Category: Unknowable Presence", "action_flag": 1, "change_message": "[{\"added\": {}}]"}}, {"model": "admin.logentry", "pk": 6, "fields": {"action_time": "2022-04-20T17:23:12.480Z", "user": 1, "content_type": 2, "object_id": "6", "object_repr": "Category: Cryptid, specter, or phantasm", "action_flag": 1, "change_message": "[{\"added\": {}}]"}}, {"model": "admin.logentry", "pk": 7, "fields": {"action_time": "2022-04-20T17:26:29.881Z", "user": 1, "content_type": 2, "object_id": "7", "object_repr": "Category: Trinkets and baubles", "action_flag": 1, "change_message": "[{\"added\": {}}]"}}, {"model": "admin.logentry", "pk": 8, "fields": {"action_time": "2022-04-20T17:57:45.072Z", "user": 1, "content_type": 3, "object_id": "16", "object_repr": "Listing object (16)", "action_flag": 2, "change_message": "[{\"changed\": {\"fields\": [\"Lifespan\"]}}]"}}, {"model": "admin.logentry", "pk": 9, "fields": {"action_time": "2022-04-20T17:59:19.098Z", "user": 1, "content_type": 3, "object_id": "15", "object_repr": "Listing object (15)", "action_flag": 2, "change_message": "[{\"changed\": {\"fields\": [\"Lifespan\"]}}]"}}, {"model": "admin.logentry", "pk": 10, "fields": {"action_time": "2022-04-20T18:06:10.373Z", "user": 1, "content_type": 3, "object_id": "14", "object_repr": "Listing object (14)", "action_flag": 2, "change_message": "[{\"changed\": {\"fields\": [\"Lifespan\"]}}]"}}, {"model": "admin.logentry", "pk": 11, "fields": {"action_time": "2022-04-20T18:13:00.412Z", "user": 1, "content_type": 3, "object_id": "16", "object_repr": "Listing object (16)", "action_flag": 3, "change_message": ""}}, {"model": "admin.logentry", "pk": 12, "fields": {"action_time": "2022-04-20T18:13:00.459Z", "user": 1, "content_type": 3, "object_id": "15", "object_repr": "Listing object (15)", "action_flag": 3, "change_message": ""}}, {"model": "admin.logentry", "pk": 13, "fields": {"action_time": "2022-04-20T18:13:00.475Z", "user": 1, "content_type": 3, "object_id": "14", "object_repr": "Listing object (14)", "action_flag": 3, "change_message": ""}}, {"model": "admin.logentry", "pk": 14, "fields": {"action_time": "2022-04-20T18:39:39.185Z", "user": 1, "content_type": 3, "object_id": "13", "object_repr": "Listing object (13)", "action_flag": 2, "change_message": "[{\"changed\": {\"fields\": [\"Lifespan\"]}}]"}}, {"model": "admin.logentry", "pk": 15, "fields": {"action_time": "2022-04-20T20:58:43.799Z", "user": 1, "content_type": 3, "object_id": "12", "object_repr": "Listing object (12)", "action_flag": 2, "change_message": "[{\"changed\": {\"fields\": [\"Lifespan\"]}}]"}}, {"model": "admin.logentry", "pk": 16, "fields": {"action_time": "2022-04-22T19:31:38.889Z", "user": 1, "content_type": 3, "object_id": "11", "object_repr": "Listing object (11)", "action_flag": 2, "change_message": "[{\"changed\": {\"fields\": [\"Lifespan\"]}}]"}}, {"model": "admin.logentry", "pk": 17, "fields": {"action_time": "2022-04-22T20:17:30.018Z", "user": 1, "content_type": 6, "object_id": "1", "object_repr": "Notification object (1)", "action_flag": 3, "change_message": ""}}, {"model": "admin.logentry", "pk": 18, "fields": {"action_time": "2022-04-22T20:17:30.018Z", "user": 1, "content_type": 6, "object_id": "2", "object_repr": "Notification object (2)", "action_flag": 3, "change_message": ""}}, {"model": "admin.logentry", "pk": 19, "fields": {"action_time": "2022-04-22T20:17:30.018Z", "user": 1, "content_type": 6, "object_id": "3", "object_repr": "Notification object (3)", "action_flag": 3, "change_message": ""}}, {"model": "admin.logentry", "pk": 20, "fields": {"action_time": "2022-04-22T20:17:30.027Z", "user": 1, "content_type": 6, "object_id": "16", "object_repr": "Notification object (16)", "action_flag": 3, "change_message": ""}}, {"model": "admin.logentry", "pk": 21, "fields": {"action_time": "2022-04-22T20:17:30.027Z", "user": 1, "content_type": 6, "object_id": "19", "object_repr": "Notification object (19)", "action_flag": 3, "change_message": ""}}, {"model": "admin.logentry", "pk": 22, "fields": {"action_time": "2022-04-22T20:17:30.027Z", "user": 1, "content_type": 6, "object_id": "21", "object_repr": "Notification object (21)", "action_flag": 3, "change_message": ""}}, {"model": "admin.logentry", "pk": 23, "fields": {"action_time": "2022-04-22T20:17:30.037Z", "user": 1, "content_type": 6, "object_id": "23", "object_repr": "Notification object (23)", "action_flag": 3, "change_message": ""}}, {"model": "admin.logentry", "pk": 24, "fields": {"action_time": "2022-04-22T20:17:30.038Z", "user": 1, "content_type": 6, "object_id": "25", "object_repr": "Notification object (25)", "action_flag": 3, "change_message": ""}}, {"model": "admin.logentry", "pk": 25, "fields": {"action_time": "2022-04-22T20:17:30.038Z", "user": 1, "content_type": 6, "object_id": "27", "object_repr": "Notification object (27)", "action_flag": 3, "change_message": ""}}, {"model": "admin.logentry", "pk": 26, "fields": {"action_time": "2022-04-22T20:17:30.047Z", "user": 1, "content_type": 6, "object_id": "29", "object_repr": "Notification object (29)", "action_flag": 3, "change_message": ""}}, {"model": "admin.logentry", "pk": 27, "fields": {"action_time": "2022-04-22T20:26:18.867Z", "user": 1, "content_type": 6, "object_id": "31", "object_repr": "Notification object (31)", "action_flag": 3, "change_message": ""}}, {"model": "admin.logentry", "pk": 28, "fields": {"action_time": "2022-04-22T21:59:08.068Z", "user": 1, "content_type": 14, "object_id": "16", "object_repr": "Invoice object (16)", "action_flag": 3, "change_message": ""}}, {"model": "admin.logentry", "pk": 29, "fields": {"action_time": "2022-04-22T21:59:08.068Z", "user": 1, "content_type": 14, "object_id": "15", "object_repr": "Invoice object (15)", "action_flag": 3, "change_message": ""}}, {"model": "admin.logentry", "pk": 30, "fields": {"action_time": "2022-04-22T21:59:08.077Z", "user": 1, "content_type": 14, "object_id": "14", "object_repr": "Invoice object (14)", "action_flag": 3, "change_message": ""}}, {"model": "admin.logentry", "pk": 31, "fields": {"action_time": "2022-04-22T21:59:08.077Z", "user": 1, "content_type": 14, "object_id": "13", "object_repr": "Invoice object (13)", "action_flag": 3, "change_message": ""}}, {"model": "admin.logentry", "pk": 32, "fields": {"action_time": "2022-04-22T21:59:08.086Z", "user": 1, "content_type": 14, "object_id": "12", "object_repr": "Invoice object (12)", "action_flag": 3, "change_message": ""}}, {"model": "admin.logentry", "pk": 33, "fields": {"action_time": "2022-04-22T21:59:08.088Z", "user": 1, "content_type": 14, "object_id": "11", "object_repr": "Invoice object (11)", "action_flag": 3, "change_message": ""}}, {"model": "admin.logentry", "pk": 34, "fields": {"action_time": "2022-04-22T21:59:08.097Z", "user": 1, "content_type": 14, "object_id": "10", "object_repr": "Invoice object (10)", "action_flag": 3, "change_message": ""}}, {"model": "admin.logentry", "pk": 35, "fields": {"action_time": "2022-04-22T21:59:08.097Z", "user": 1, "content_type": 14, "object_id": "9", "object_repr": "Invoice object (9)", "action_flag": 3, "change_message": ""}}, {"model": "admin.logentry", "pk": 36, "fields": {"action_time": "2022-04-22T21:59:08.108Z", "user": 1, "content_type": 14, "object_id": "8", "object_repr": "Invoice object (8)", "action_flag": 3, "change_message": ""}}, {"model": "admin.logentry", "pk": 37, "fields": {"action_time": "2022-04-22T21:59:08.117Z", "user": 1, "content_type": 14, "object_id": "7", "object_repr": "Invoice object (7)", "action_flag": 3, "change_message": ""}}, {"model": "admin.logentry", "pk": 38, "fields": {"action_time": "2022-04-22T21:59:08.117Z", "user": 1, "content_type": 14, "object_id": "6", "object_repr": "Invoice object (6)", "action_flag": 3, "change_message": ""}}, {"model": "admin.logentry", "pk": 39, "fields": {"action_time": "2022-04-22T21:59:08.127Z", "user": 1, "content_type": 14, "object_id": "5", "object_repr": "Invoice object (5)", "action_flag": 3, "change_message": ""}}, {"model": "admin.logentry", "pk": 40, "fields": {"action_time": "2022-04-22T21:59:08.136Z", "user": 1, "content_type": 14, "object_id": "4", "object_repr": "Invoice object (4)", "action_flag": 3, "change_message": ""}}, {"model": "admin.logentry", "pk": 41, "fields": {"action_time": "2022-04-22T21:59:08.142Z", "user": 1, "content_type": 14, "object_id": "3", "object_repr": "Invoice object (3)", "action_flag": 3, "change_message": ""}}, {"model": "admin.logentry", "pk": 42, "fields": {"action_time": "2022-04-22T21:59:08.147Z", "user": 1, "content_type": 14, "object_id": "2", "object_repr": "Invoice object (2)", "action_flag": 3, "change_message": ""}}, {"model": "admin.logentry", "pk": 43, "fields": {"action_time": "2022-04-22T21:59:08.147Z", "user": 1, "content_type": 14, "object_id": "1", "object_repr": "Invoice object (1)", "action_flag": 3, "change_message": ""}}, {"model": "admin.logentry", "pk": 44, "fields": {"action_time": "2022-04-22T21:59:54.927Z", "user": 1, "content_type": 14, "object_id": "16", "object_repr": "Invoice object (16)", "action_flag": 3, "change_message": ""}}, {"model": "admin.logentry", "pk": 45, "fields": {"action_time": "2022-04-22T21:59:54.938Z", "user": 1, "content_type": 14, "object_id": "15", "object_repr": "Invoice object (15)", "action_flag": 3, "change_message": ""}}, {"model": "admin.logentry", "pk": 46, "fields": {"action_time": "2022-04-22T21:59:54.938Z", "user": 1, "content_type": 14, "object_id": "14", "object_repr": "Invoice object (14)", "action_flag": 3, "change_message": ""}}, {"model": "admin.logentry", "pk": 47, "fields": {"action_time": "2022-04-22T21:59:54.947Z", "user": 1, "content_type": 14, "object_id": "13", "object_repr": "Invoice object (13)", "action_flag": 3, "change_message": ""}}, {"model": "admin.logentry", "pk": 48, "fields": {"action_time": "2022-04-22T21:59:54.947Z", "user": 1, "content_type": 14, "object_id": "12", "object_repr": "Invoice object (12)", "action_flag": 3, "change_message": ""}}, {"model": "admin.logentry", "pk": 49, "fields": {"action_time": "2022-04-22T21:59:54.958Z", "user": 1, "content_type": 14, "object_id": "11", "object_repr": "Invoice object (11)", "action_flag": 3, "change_message": ""}}, {"model": "admin.logentry", "pk": 50, "fields": {"action_time": "2022-04-22T21:59:54.967Z", "user": 1, "content_type": 14, "object_id": "10", "object_repr": "Invoice object (10)", "action_flag": 3, "change_message": ""}}, {"model": "admin.logentry", "pk": 51, "fields": {"action_time": "2022-04-22T21:59:54.967Z", "user": 1, "content_type": 14, "object_id": "9", "object_repr": "Invoice object (9)", "action_flag": 3, "change_message": ""}}, {"model": "admin.logentry", "pk": 52, "fields": {"action_time": "2022-04-22T21:59:54.978Z", "user": 1, "content_type": 14, "object_id": "8", "object_repr": "Invoice object (8)", "action_flag": 3, "change_message": ""}}, {"model": "admin.logentry", "pk": 53, "fields": {"action_time": "2022-04-22T21:59:54.978Z", "user": 1, "content_type": 14, "object_id": "7", "object_repr": "Invoice object (7)", "action_flag": 3, "change_message": ""}}, {"model": "admin.logentry", "pk": 54, "fields": {"action_time": "2022-04-22T21:59:54.986Z", "user": 1, "content_type": 14, "object_id": "6", "object_repr": "Invoice object (6)", "action_flag": 3, "change_message": ""}}, {"model": "admin.logentry", "pk": 55, "fields": {"action_time": "2022-04-22T21:59:54.987Z", "user": 1, "content_type": 14, "object_id": "5", "object_repr": "Invoice object (5)", "action_flag": 3, "change_message": ""}}, {"model": "admin.logentry", "pk": 56, "fields": {"action_time": "2022-04-22T21:59:54.987Z", "user": 1, "content_type": 14, "object_id": "4", "object_repr": "Invoice object (4)", "action_flag": 3, "change_message": ""}}, {"model": "admin.logentry", "pk": 57, "fields": {"action_time": "2022-04-22T21:59:54.997Z", "user": 1, "content_type": 14, "object_id": "3", "object_repr": "Invoice object (3)", "action_flag": 3, "change_message": ""}}, {"model": "admin.logentry", "pk": 58, "fields": {"action_time": "2022-04-22T21:59:54.998Z", "user": 1, "content_type": 14, "object_id": "2", "object_repr": "Invoice object (2)", "action_flag": 3, "change_message": ""}}, {"model": "admin.logentry", "pk": 59, "fields": {"action_time": "2022-04-22T21:59:54.998Z", "user": 1, "content_type": 14, "object_id": "1", "object_repr": "Invoice object (1)", "action_flag": 3, "change_message": ""}}, {"model": "admin.logentry", "pk": 60, "fields": {"action_time": "2022-04-23T20:59:39.349Z", "user": 1, "content_type": 14, "object_id": "18", "object_repr": "Invoice object (18)", "action_flag": 1, "change_message": "[{\"added\": {}}]"}}, {"model": "admin.logentry", "pk": 61, "fields": {"action_time": "2022-04-23T20:59:49.950Z", "user": 1, "content_type": 3, "object_id": "9", "object_repr": "Listing object (9)", "action_flag": 2, "change_message": "[{\"changed\": {\"fields\": [\"Invoice\"]}}]"}}, {"model": "admin.logentry", "pk": 62, "fields": {"action_time": "2022-04-23T20:59:57.881Z", "user": 1, "content_type": 3, "object_id": "5", "object_repr": "Listing object (5)", "action_flag": 2, "change_message": "[{\"changed\": {\"fields\": [\"Winning user\", \"Invoice\"]}}]"}}, {"model": "admin.logentry", "pk": 63, "fields": {"action_time": "2022-04-23T21:00:24.836Z", "user": 1, "content_type": 14, "object_id": "18", "object_repr": "Invoice object (18)", "action_flag": 3, "change_message": ""}}, {"model": "admin.logentry", "pk": 64, "fields": {"action_time": "2022-04-23T21:00:32.191Z", "user": 1, "content_type": 3, "object_id": "5", "object_repr": "Listing object (5)", "action_flag": 2, "change_message": "[{\"changed\": {\"fields\": [\"Winning user\"]}}]"}}, {"model": "admin.logentry", "pk": 65, "fields": {"action_time": "2022-04-23T21:27:15.383Z", "user": 1, "content_type": 14, "object_id": "17", "object_repr": "Invoice object (17)", "action_flag": 3, "change_message": ""}}, {"model": "admin.logentry", "pk": 66, "fields": {"action_time": "2022-04-23T21:28:59.267Z", "user": 1, "content_type": 3, "object_id": "10", "object_repr": "Listing object (10)", "action_flag": 2, "change_message": "[{\"changed\": {\"fields\": [\"Lifespan\"]}}]"}}, {"model": "admin.logentry", "pk": 67, "fields": {"action_time": "2022-04-23T21:29:06.209Z", "user": 1, "content_type": 3, "object_id": "9", "object_repr": "Listing object (9)", "action_flag": 2, "change_message": "[{\"changed\": {\"fields\": [\"Lifespan\"]}}]"}}, {"model": "admin.logentry", "pk": 68, "fields": {"action_time": "2022-04-23T21:44:42.039Z", "user": 1, "content_type": 3, "object_id": "8", "object_repr": "Listing object (8)", "action_flag": 2, "change_message": "[{\"changed\": {\"fields\": [\"Lifespan\"]}}]"}}, {"model": "admin.logentry", "pk": 69, "fields": {"action_time": "2022-04-23T21:44:57.989Z", "user": 1, "content_type": 3, "object_id": "7", "object_repr": "Listing object (7)", "action_flag": 2, "change_message": "[{\"changed\": {\"fields\": [\"Lifespan\"]}}]"}}, {"model": "admin.logentry", "pk": 70, "fields": {"action_time": "2022-04-23T21:46:22.169Z", "user": 1, "content_type": 14, "object_id": "22", "object_repr": "Invoice object (22)", "action_flag": 3, "change_message": ""}}, {"model": "admin.logentry", "pk": 71, "fields": {"action_time": "2022-04-23T21:46:22.185Z", "user": 1, "content_type": 14, "object_id": "20", "object_repr": "Invoice object (20)", "action_flag": 3, "change_message": ""}}, {"model": "admin.logentry", "pk": 72, "fields": {"action_time": "2022-04-23T21:46:22.188Z", "user": 1, "content_type": 14, "object_id": "19", "object_repr": "Invoice object (19)", "action_flag": 3, "change_message": ""}}, {"model": "admin.logentry", "pk": 73, "fields": {"action_time": "2022-04-23T21:46:32.400Z", "user": 1, "content_type": 3, "object_id": "12", "object_repr": "Listing object (12)", "action_flag": 3, "change_message": ""}}, {"model": "admin.logentry", "pk": 74, "fields": {"action_time": "2022-04-23T21:46:32.404Z", "user": 1, "content_type": 3, "object_id": "10", "object_repr": "Listing object (10)", "action_flag": 3, "change_message": ""}}, {"model": "admin.logentry", "pk": 75, "fields": {"action_time": "2022-04-23T21:46:32.409Z", "user": 1, "content_type": 3, "object_id": "9", "object_repr": "Listing object (9)", "action_flag": 3, "change_message": ""}}, {"model": "admin.logentry", "pk": 76, "fields": {"action_time": "2022-04-23T21:46:32.413Z", "user": 1, "content_type": 3, "object_id": "8", "object_repr": "Listing object (8)", "action_flag": 3, "change_message": ""}}, {"model": "admin.logentry", "pk": 77, "fields": {"action_time": "2022-04-23T21:46:32.418Z", "user": 1, "content_type": 3, "object_id": "7", "object_repr": "Listing object (7)", "action_flag": 3, "change_message": ""}}, {"model": "admin.logentry", "pk": 78, "fields": {"action_time": "2022-04-23T21:46:32.423Z", "user": 1, "content_type": 3, "object_id": "6", "object_repr": "Listing object (6)", "action_flag": 3, "change_message": ""}}, {"model": "admin.logentry", "pk": 79, "fields": {"action_time": "2022-04-23T21:46:32.429Z", "user": 1, "content_type": 3, "object_id": "5", "object_repr": "Listing object (5)", "action_flag": 3, "change_message": ""}}, {"model": "admin.logentry", "pk": 80, "fields": {"action_time": "2022-04-23T21:46:32.434Z", "user": 1, "content_type": 3, "object_id": "4", "object_repr": "Listing object (4)", "action_flag": 3, "change_message": ""}}, {"model": "admin.logentry", "pk": 81, "fields": {"action_time": "2022-04-23T21:46:32.439Z", "user": 1, "content_type": 3, "object_id": "3", "object_repr": "Listing object (3)", "action_flag": 3, "change_message": ""}}, {"model": "admin.logentry", "pk": 82, "fields": {"action_time": "2022-04-23T21:46:32.445Z", "user": 1, "content_type": 3, "object_id": "2", "object_repr": "Listing object (2)", "action_flag": 3, "change_message": ""}}, {"model": "admin.logentry", "pk": 83, "fields": {"action_time": "2022-04-23T21:46:32.449Z", "user": 1, "content_type": 3, "object_id": "1", "object_repr": "Listing object (1)", "action_flag": 3, "change_message": ""}}, {"model": "admin.logentry", "pk": 84, "fields": {"action_time": "2022-04-25T17:35:03.936Z", "user": 1, "content_type": 3, "object_id": "51", "object_repr": "Listing object (51)", "action_flag": 2, "change_message": "[{\"changed\": {\"fields\": [\"Lifespan\"]}}]"}}, {"model": "admin.logentry", "pk": 85, "fields": {"action_time": "2022-04-25T17:35:11.387Z", "user": 1, "content_type": 3, "object_id": "50", "object_repr": "Listing object (50)", "action_flag": 2, "change_message": "[{\"changed\": {\"fields\": [\"Description\", \"Lifespan\"]}}]"}}, {"model": "admin.logentry", "pk": 86, "fields": {"action_time": "2022-04-25T19:13:34.912Z", "user": 1, "content_type": 14, "object_id": "5", "object_repr": "Invoice object (5)", "action_flag": 3, "change_message": ""}}, {"model": "admin.logentry", "pk": 87, "fields": {"action_time": "2022-04-25T19:13:34.920Z", "user": 1, "content_type": 14, "object_id": "4", "object_repr": "Invoice object (4)", "action_flag": 3, "change_message": ""}}, {"model": "admin.logentry", "pk": 88, "fields": {"action_time": "2022-04-25T19:13:34.927Z", "user": 1, "content_type": 14, "object_id": "3", "object_repr": "Invoice object (3)", "action_flag": 3, "change_message": ""}}, {"model": "admin.logentry", "pk": 89, "fields": {"action_time": "2022-04-25T19:13:34.934Z", "user": 1, "content_type": 14, "object_id": "2", "object_repr": "Invoice object (2)", "action_flag": 3, "change_message": ""}}, {"model": "admin.logentry", "pk": 90, "fields": {"action_time": "2022-04-25T19:13:34.941Z", "user": 1, "content_type": 14, "object_id": "1", "object_repr": "Invoice object (1)", "action_flag": 3, "change_message": ""}}, {"model": "admin.logentry", "pk": 91, "fields": {"action_time": "2022-04-25T23:33:03.446Z", "user": 1, "content_type": 3, "object_id": "48", "object_repr": "Listing object (48)", "action_flag": 2, "change_message": "[{\"changed\": {\"fields\": [\"Lifespan\"]}}]"}}, {"model": "admin.logentry", "pk": 92, "fields": {"action_time": "2022-04-25T23:33:08.868Z", "user": 1, "content_type": 3, "object_id": "47", "object_repr": "Listing object (47)", "action_flag": 2, "change_message": "[{\"changed\": {\"fields\": [\"Description\", \"Lifespan\"]}}]"}}, {"model": "admin.logentry", "pk": 93, "fields": {"action_time": "2022-04-25T23:37:50.435Z", "user": 1, "content_type": 3, "object_id": "45", "object_repr": "Listing object (45)", "action_flag": 2, "change_message": "[{\"changed\": {\"fields\": [\"Lifespan\"]}}]"}}, {"model": "admin.logentry", "pk": 94, "fields": {"action_time": "2022-04-25T23:37:57.139Z", "user": 1, "content_type": 3, "object_id": "42", "object_repr": "Listing object (42)", "action_flag": 2, "change_message": "[{\"changed\": {\"fields\": [\"Lifespan\"]}}]"}}, {"model": "admin.logentry", "pk": 95, "fields": {"action_time": "2022-04-26T16:02:03.497Z", "user": 1, "content_type": 3, "object_id": "49", "object_repr": "Listing object (49)", "action_flag": 3, "change_message": ""}}, {"model": "admin.logentry", "pk": 96, "fields": {"action_time": "2022-04-26T16:02:03.513Z", "user": 1, "content_type": 3, "object_id": "48", "object_repr": "Listing object (48)", "action_flag": 3, "change_message": ""}}, {"model": "admin.logentry", "pk": 97, "fields": {"action_time": "2022-04-26T16:02:03.513Z", "user": 1, "content_type": 3, "object_id": "47", "object_repr": "Listing object (47)", "action_flag": 3, "change_message": ""}}, {"model": "admin.logentry", "pk": 98, "fields": {"action_time": "2022-04-26T16:02:03.529Z", "user": 1, "content_type": 3, "object_id": "46", "object_repr": "Listing object (46)", "action_flag": 3, "change_message": ""}}, {"model": "admin.logentry", "pk": 99, "fields": {"action_time": "2022-04-26T16:02:03.529Z", "user": 1, "content_type": 3, "object_id": "45", "object_repr": "Listing object (45)", "action_flag": 3, "change_message": ""}}, {"model": "admin.logentry", "pk": 100, "fields": {"action_time": "2022-04-26T16:02:03.545Z", "user": 1, "content_type": 3, "object_id": "44", "object_repr": "Listing object (44)", "action_flag": 3, "change_message": ""}}, {"model": "admin.logentry", "pk": 101, "fields": {"action_time": "2022-04-26T16:02:03.545Z", "user": 1, "content_type": 3, "object_id": "43", "object_repr": "Listing object (43)", "action_flag": 3, "change_message": ""}}, {"model": "admin.logentry", "pk": 102, "fields": {"action_time": "2022-04-26T16:02:03.560Z", "user": 1, "content_type": 3, "object_id": "42", "object_repr": "Listing object (42)", "action_flag": 3, "change_message": ""}}, {"model": "admin.logentry", "pk": 103, "fields": {"action_time": "2022-04-26T16:02:03.576Z", "user": 1, "content_type": 3, "object_id": "41", "object_repr": "Listing object (41)", "action_flag": 3, "change_message": ""}}, {"model": "admin.logentry", "pk": 104, "fields": {"action_time": "2022-04-26T16:02:03.576Z", "user": 1, "content_type": 3, "object_id": "40", "object_repr": "Listing object (40)", "action_flag": 3, "change_message": ""}}, {"model": "admin.logentry", "pk": 105, "fields": {"action_time": "2022-04-26T16:02:03.576Z", "user": 1, "content_type": 3, "object_id": "39", "object_repr": "Listing object (39)", "action_flag": 3, "change_message": ""}}, {"model": "admin.logentry", "pk": 106, "fields": {"action_time": "2022-04-26T16:02:03.591Z", "user": 1, "content_type": 3, "object_id": "38", "object_repr": "Listing object (38)", "action_flag": 3, "change_message": ""}}, {"model": "admin.logentry", "pk": 107, "fields": {"action_time": "2022-04-26T16:02:03.591Z", "user": 1, "content_type": 3, "object_id": "37", "object_repr": "Listing object (37)", "action_flag": 3, "change_message": ""}}, {"model": "admin.logentry", "pk": 108, "fields": {"action_time": "2022-04-26T16:02:03.591Z", "user": 1, "content_type": 3, "object_id": "36", "object_repr": "Listing object (36)", "action_flag": 3, "change_message": ""}}, {"model": "admin.logentry", "pk": 109, "fields": {"action_time": "2022-04-26T16:02:03.607Z", "user": 1, "content_type": 3, "object_id": "35", "object_repr": "Listing object (35)", "action_flag": 3, "change_message": ""}}, {"model": "admin.logentry", "pk": 110, "fields": {"action_time": "2022-04-26T16:02:03.607Z", "user": 1, "content_type": 3, "object_id": "34", "object_repr": "Listing object (34)", "action_flag": 3, "change_message": ""}}, {"model": "admin.logentry", "pk": 111, "fields": {"action_time": "2022-04-26T16:02:03.607Z", "user": 1, "content_type": 3, "object_id": "33", "object_repr": "Listing object (33)", "action_flag": 3, "change_message": ""}}, {"model": "admin.logentry", "pk": 112, "fields": {"action_time": "2022-04-26T16:02:03.623Z", "user": 1, "content_type": 3, "object_id": "32", "object_repr": "Listing object (32)", "action_flag": 3, "change_message": ""}}, {"model": "admin.logentry", "pk": 113, "fields": {"action_time": "2022-04-26T16:02:03.623Z", "user": 1, "content_type": 3, "object_id": "31", "object_repr": "Listing object (31)", "action_flag": 3, "change_message": ""}}, {"model": "admin.logentry", "pk": 114, "fields": {"action_time": "2022-04-26T16:02:03.623Z", "user": 1, "content_type": 3, "object_id": "30", "object_repr": "Listing object (30)", "action_flag": 3, "change_message": ""}}, {"model": "admin.logentry", "pk": 115, "fields": {"action_time": "2022-04-26T16:02:03.638Z", "user": 1, "content_type": 3, "object_id": "29", "object_repr": "Listing object (29)", "action_flag": 3, "change_message": ""}}, {"model": "admin.logentry", "pk": 116, "fields": {"action_time": "2022-04-26T16:02:03.643Z", "user": 1, "content_type": 3, "object_id": "28", "object_repr": "Listing object (28)", "action_flag": 3, "change_message": ""}}, {"model": "admin.logentry", "pk": 117, "fields": {"action_time": "2022-04-26T16:02:03.643Z", "user": 1, "content_type": 3, "object_id": "27", "object_repr": "Listing object (27)", "action_flag": 3, "change_message": ""}}, {"model": "admin.logentry", "pk": 118, "fields": {"action_time": "2022-04-26T16:02:03.654Z", "user": 1, "content_type": 3, "object_id": "26", "object_repr": "Listing object (26)", "action_flag": 3, "change_message": ""}}, {"model": "admin.logentry", "pk": 119, "fields": {"action_time": "2022-04-26T16:02:03.654Z", "user": 1, "content_type": 3, "object_id": "25", "object_repr": "Listing object (25)", "action_flag": 3, "change_message": ""}}, {"model": "admin.logentry", "pk": 120, "fields": {"action_time": "2022-04-26T16:02:03.654Z", "user": 1, "content_type": 3, "object_id": "24", "object_repr": "Listing object (24)", "action_flag": 3, "change_message": ""}}, {"model": "admin.logentry", "pk": 121, "fields": {"action_time": "2022-04-26T16:02:03.670Z", "user": 1, "content_type": 3, "object_id": "23", "object_repr": "Listing object (23)", "action_flag": 3, "change_message": ""}}, {"model": "admin.logentry", "pk": 122, "fields": {"action_time": "2022-04-26T16:02:03.670Z", "user": 1, "content_type": 3, "object_id": "22", "object_repr": "Listing object (22)", "action_flag": 3, "change_message": ""}}, {"model": "admin.logentry", "pk": 123, "fields": {"action_time": "2022-04-26T16:02:03.670Z", "user": 1, "content_type": 3, "object_id": "21", "object_repr": "Listing object (21)", "action_flag": 3, "change_message": ""}}, {"model": "admin.logentry", "pk": 124, "fields": {"action_time": "2022-04-26T16:02:03.686Z", "user": 1, "content_type": 3, "object_id": "20", "object_repr": "Listing object (20)", "action_flag": 3, "change_message": ""}}, {"model": "admin.logentry", "pk": 125, "fields": {"action_time": "2022-04-26T16:02:03.686Z", "user": 1, "content_type": 3, "object_id": "19", "object_repr": "Listing object (19)", "action_flag": 3, "change_message": ""}}, {"model": "admin.logentry", "pk": 126, "fields": {"action_time": "2022-04-26T16:02:03.701Z", "user": 1, "content_type": 3, "object_id": "18", "object_repr": "Listing object (18)", "action_flag": 3, "change_message": ""}}, {"model": "admin.logentry", "pk": 127, "fields": {"action_time": "2022-04-26T16:02:03.701Z", "user": 1, "content_type": 3, "object_id": "17", "object_repr": "Listing object (17)", "action_flag": 3, "change_message": ""}}, {"model": "admin.logentry", "pk": 128, "fields": {"action_time": "2022-04-26T16:02:03.701Z", "user": 1, "content_type": 3, "object_id": "16", "object_repr": "Listing object (16)", "action_flag": 3, "change_message": ""}}, {"model": "admin.logentry", "pk": 129, "fields": {"action_time": "2022-04-26T16:02:03.717Z", "user": 1, "content_type": 3, "object_id": "15", "object_repr": "Listing object (15)", "action_flag": 3, "change_message": ""}}, {"model": "admin.logentry", "pk": 130, "fields": {"action_time": "2022-04-26T16:02:03.717Z", "user": 1, "content_type": 3, "object_id": "14", "object_repr": "Listing object (14)", "action_flag": 3, "change_message": ""}}, {"model": "admin.logentry", "pk": 131, "fields": {"action_time": "2022-04-27T17:21:15.834Z", "user": 1, "content_type": 7, "object_id": "5", "object_repr": "Comment object (5)", "action_flag": 3, "change_message": ""}}, {"model": "admin.logentry", "pk": 132, "fields": {"action_time": "2022-04-27T17:21:15.841Z", "user": 1, "content_type": 7, "object_id": "4", "object_repr": "Comment object (4)", "action_flag": 3, "change_message": ""}}, {"model": "admin.logentry", "pk": 133, "fields": {"action_time": "2022-04-27T17:21:15.845Z", "user": 1, "content_type": 7, "object_id": "3", "object_repr": "Comment object (3)", "action_flag": 3, "change_message": ""}}, {"model": "admin.logentry", "pk": 134, "fields": {"action_time": "2022-04-27T17:21:15.849Z", "user": 1, "content_type": 7, "object_id": "1", "object_repr": "Comment object (1)", "action_flag": 3, "change_message": ""}}, {"model": "admin.logentry", "pk": 135, "fields": {"action_time": "2022-04-27T17:24:20.940Z", "user": 1, "content_type": 7, "object_id": "1", "object_repr": "Comment object (1)", "action_flag": 1, "change_message": "[{\"added\": {}}]"}}, {"model": "admin.logentry", "pk": 136, "fields": {"action_time": "2022-04-27T17:25:26.363Z", "user": 1, "content_type": 1, "object_id": "5", "object_repr": "generic_user", "action_flag": 1, "change_message": "[{\"added\": {}}]"}}, {"model": "admin.logentry", "pk": 137, "fields": {"action_time": "2022-04-27T17:25:39.921Z", "user": 1, "content_type": 7, "object_id": "1", "object_repr": "Comment object (1)", "action_flag": 2, "change_message": "[{\"changed\": {\"fields\": [\"User\"]}}]"}}, {"model": "auth.permission", "pk": 1, "fields": {"name": "Can add user", "content_type": 1, "codename": "add_user"}}, {"model": "auth.permission", "pk": 2, "fields": {"name": "Can change user", "content_type": 1, "codename": "change_user"}}, {"model": "auth.permission", "pk": 3, "fields": {"name": "Can delete user", "content_type": 1, "codename": "delete_user"}}, {"model": "auth.permission", "pk": 4, "fields": {"name": "Can view user", "content_type": 1, "codename": "view_user"}}, {"model": "auth.permission", "pk": 5, "fields": {"name": "Can add category", "content_type": 2, "codename": "add_category"}}, {"model": "auth.permission", "pk": 6, "fields": {"name": "Can change category", "content_type": 2, "codename": "change_category"}}, {"model": "auth.permission", "pk": 7, "fields": {"name": "Can delete category", "content_type": 2, "codename": "delete_category"}}, {"model": "auth.permission", "pk": 8, "fields": {"name": "Can view category", "content_type": 2, "codename": "view_category"}}, {"model": "auth.permission", "pk": 9, "fields": {"name": "Can add listing", "content_type": 3, "codename": "add_listing"}}, {"model": "auth.permission", "pk": 10, "fields": {"name": "Can change listing", "content_type": 3, "codename": "change_listing"}}, {"model": "auth.permission", "pk": 11, "fields": {"name": "Can delete listing", "content_type": 3, "codename": "delete_listing"}}, {"model": "auth.permission", "pk": 12, "fields": {"name": "Can view listing", "content_type": 3, "codename": "view_listing"}}, {"model": "auth.permission", "pk": 13, "fields": {"name": "Can add user image", "content_type": 4, "codename": "add_userimage"}}, {"model": "auth.permission", "pk": 14, "fields": {"name": "Can change user image", "content_type": 4, "codename": "change_userimage"}}, {"model": "auth.permission", "pk": 15, "fields": {"name": "Can delete user image", "content_type": 4, "codename": "delete_userimage"}}, {"model": "auth.permission", "pk": 16, "fields": {"name": "Can view user image", "content_type": 4, "codename": "view_userimage"}}, {"model": "auth.permission", "pk": 17, "fields": {"name": "Can add order", "content_type": 5, "codename": "add_order"}}, {"model": "auth.permission", "pk": 18, "fields": {"name": "Can change order", "content_type": 5, "codename": "change_order"}}, {"model": "auth.permission", "pk": 19, "fields": {"name": "Can delete order", "content_type": 5, "codename": "delete_order"}}, {"model": "auth.permission", "pk": 20, "fields": {"name": "Can view order", "content_type": 5, "codename": "view_order"}}, {"model": "auth.permission", "pk": 21, "fields": {"name": "Can add notification", "content_type": 6, "codename": "add_notification"}}, {"model": "auth.permission", "pk": 22, "fields": {"name": "Can change notification", "content_type": 6, "codename": "change_notification"}}, {"model": "auth.permission", "pk": 23, "fields": {"name": "Can delete notification", "content_type": 6, "codename": "delete_notification"}}, {"model": "auth.permission", "pk": 24, "fields": {"name": "Can view notification", "content_type": 6, "codename": "view_notification"}}, {"model": "auth.permission", "pk": 25, "fields": {"name": "Can add comment", "content_type": 7, "codename": "add_comment"}}, {"model": "auth.permission", "pk": 26, "fields": {"name": "Can change comment", "content_type": 7, "codename": "change_comment"}}, {"model": "auth.permission", "pk": 27, "fields": {"name": "Can delete comment", "content_type": 7, "codename": "delete_comment"}}, {"model": "auth.permission", "pk": 28, "fields": {"name": "Can view comment", "content_type": 7, "codename": "view_comment"}}, {"model": "auth.permission", "pk": 29, "fields": {"name": "Can add bid", "content_type": 8, "codename": "add_bid"}}, {"model": "auth.permission", "pk": 30, "fields": {"name": "Can change bid", "content_type": 8, "codename": "change_bid"}}, {"model": "auth.permission", "pk": 31, "fields": {"name": "Can delete bid", "content_type": 8, "codename": "delete_bid"}}, {"model": "auth.permission", "pk": 32, "fields": {"name": "Can view bid", "content_type": 8, "codename": "view_bid"}}, {"model": "auth.permission", "pk": 33, "fields": {"name": "Can add log entry", "content_type": 9, "codename": "add_logentry"}}, {"model": "auth.permission", "pk": 34, "fields": {"name": "Can change log entry", "content_type": 9, "codename": "change_logentry"}}, {"model": "auth.permission", "pk": 35, "fields": {"name": "Can delete log entry", "content_type": 9, "codename": "delete_logentry"}}, {"model": "auth.permission", "pk": 36, "fields": {"name": "Can view log entry", "content_type": 9, "codename": "view_logentry"}}, {"model": "auth.permission", "pk": 37, "fields": {"name": "Can add permission", "content_type": 10, "codename": "add_permission"}}, {"model": "auth.permission", "pk": 38, "fields": {"name": "Can change permission", "content_type": 10, "codename": "change_permission"}}, {"model": "auth.permission", "pk": 39, "fields": {"name": "Can delete permission", "content_type": 10, "codename": "delete_permission"}}, {"model": "auth.permission", "pk": 40, "fields": {"name": "Can view permission", "content_type": 10, "codename": "view_permission"}}, {"model": "auth.permission", "pk": 41, "fields": {"name": "Can add group", "content_type": 11, "codename": "add_group"}}, {"model": "auth.permission", "pk": 42, "fields": {"name": "Can change group", "content_type": 11, "codename": "change_group"}}, {"model": "auth.permission", "pk": 43, "fields": {"name": "Can delete group", "content_type": 11, "codename": "delete_group"}}, {"model": "auth.permission", "pk": 44, "fields": {"name": "Can view group", "content_type": 11, "codename": "view_group"}}, {"model": "auth.permission", "pk": 45, "fields": {"name": "Can add content type", "content_type": 12, "codename": "add_contenttype"}}, {"model": "auth.permission", "pk": 46, "fields": {"name": "Can change content type", "content_type": 12, "codename": "change_contenttype"}}, {"model": "auth.permission", "pk": 47, "fields": {"name": "Can delete content type", "content_type": 12, "codename": "delete_contenttype"}}, {"model": "auth.permission", "pk": 48, "fields": {"name": "Can view content type", "content_type": 12, "codename": "view_contenttype"}}, {"model": "auth.permission", "pk": 49, "fields": {"name": "Can add session", "content_type": 13, "codename": "add_session"}}, {"model": "auth.permission", "pk": 50, "fields": {"name": "Can change session", "content_type": 13, "codename": "change_session"}}, {"model": "auth.permission", "pk": 51, "fields": {"name": "Can delete session", "content_type": 13, "codename": "delete_session"}}, {"model": "auth.permission", "pk": 52, "fields": {"name": "Can view session", "content_type": 13, "codename": "view_session"}}, {"model": "auth.permission", "pk": 53, "fields": {"name": "Can add invoice", "content_type": 14, "codename": "add_invoice"}}, {"model": "auth.permission", "pk": 54, "fields": {"name": "Can change invoice", "content_type": 14, "codename": "change_invoice"}}, {"model": "auth.permission", "pk": 55, "fields": {"name": "Can delete invoice", "content_type": 14, "codename": "delete_invoice"}}, {"model": "auth.permission", "pk": 56, "fields": {"name": "Can view invoice", "content_type": 14, "codename": "view_invoice"}}, {"model": "contenttypes.contenttype", "pk": 1, "fields": {"app_label": "auctions", "model": "user"}}, {"model": "contenttypes.contenttype", "pk": 2, "fields": {"app_label": "auctions", "model": "category"}}, {"model": "contenttypes.contenttype", "pk": 3, "fields": {"app_label": "auctions", "model": "listing"}}, {"model": "contenttypes.contenttype", "pk": 4, "fields": {"app_label": "auctions", "model": "userimage"}}, {"model": "contenttypes.contenttype", "pk": 5, "fields": {"app_label": "auctions", "model": "order"}}, {"model": "contenttypes.contenttype", "pk": 6, "fields": {"app_label": "auctions", "model": "notification"}}, {"model": "contenttypes.contenttype", "pk": 7, "fields": {"app_label": "auctions", "model": "comment"}}, {"model": "contenttypes.contenttype", "pk": 8, "fields": {"app_label": "auctions", "model": "bid"}}, {"model": "contenttypes.contenttype", "pk": 9, "fields": {"app_label": "admin", "model": "logentry"}}, {"model": "contenttypes.contenttype", "pk": 10, "fields": {"app_label": "auth", "model": "permission"}}, {"model": "contenttypes.contenttype", "pk": 11, "fields": {"app_label": "auth", "model": "group"}}, {"model": "contenttypes.contenttype", "pk": 12, "fields": {"app_label": "contenttypes", "model": "contenttype"}}, {"model": "contenttypes.contenttype", "pk": 13, "fields": {"app_label": "sessions", "model": "session"}}, {"model": "contenttypes.contenttype", "pk": 14, "fields": {"app_label": "auctions", "model": "invoice"}}, {"model": "sessions.session", "pk": "7oo38yyxgl0s0brgd9608x3u1gzjl8m1", "fields": {"session_data": ".eJxVjEsOwiAUAO_C2hDgUT4u3fcM5PEAqRqalHZlvLsh6UK3M5N5s4DHXsPR8xaWxK5Msssvi0jP3IZID2z3ldPa9m2JfCT8tJ3Pa8qv29n-DSr2Orbg1QRZIWRhUSrvXCRwXpiirYVYnIyaCibQ4GV03pEiJbxBEpMpln2-vrc3Gw:1njNqh:X6ge7P9Wr0XHXemMrQiYB7Tv4yuVWO8APOROoZ4lLH4", "expire_date": "2022-05-10T16:15:35.418Z"}}, {"model": "sessions.session", "pk": "r15ghexhr5hsr07x5n4c0moet0lsa697", "fields": {"session_data": ".eJxVjEsOwiAUAO_C2hDgUT4u3fcM5PEAqRqalHZlvLsh6UK3M5N5s4DHXsPR8xaWxK5Msssvi0jP3IZID2z3ldPa9m2JfCT8tJ3Pa8qv29n-DSr2Orbg1QRZIWRhUSrvXCRwXpiirYVYnIyaCibQ4GV03pEiJbxBEpMpln2-vrc3Gw:1nkUdx:CmCZJXFVfpWOh5MN8K2vjqWt3NKOysbEESTv5wuR5YQ", "expire_date": "2022-05-13T17:43:01.166Z"}}]